827867562112,32,False,-1,0,ACTTAAAAAGAT
552981283008,64,False,-1,0,GCTCTTTTTCTA
826793836672,96,False,-1,0,ACTAAACAGAAA
826789625984,128,False,-1,0,GCATGTTCATGC
827867545728,160,False,-1,0,TTTCATTAGGTT
278111748224,192,False,-1,0,GTGCTGTGCTGT
274890506304,224,False,-1,0,TTCCGTCGCCTT
275960086720,256,False,-1,0,CTTCCTCCGGTT
826789609664,288,False,-1,0,TAACTAGTTCCG
275955892224,320,False,-1,0,TGCCGGCTATGG
550829604928,352,False,-1,0,GCGTTTGCCAAT
824633737408,384,False,-1,0,TGGCTTTTGCAC
275951681728,416,False,-1,0,ACTATTCTGAGG
550833766464,448,False,-1,0,CAATGCCGTTTT
1077936320,480,False,-1,0,CACTGTTGAGGG
825707462848,512,False,-1,0,TCATGGTGGTGA
3233824832,544,False,-1,0,GCGTATGTGGAC
825720094720,576,False,-1,0,AAACATTTGTGG
824646303808,608,False,-1,0,GTAATTACTTCC
551907524672,640,False,-1,0,TTTGGTCGTCGT
551907508224,672,False,-1,0,TGACCAATACAT
1086324928,704,False,-1,0,CTGTTCTTCAGG
550829588480,736,False,-1,0,GATTTCTTCGCT
549755846784,768,False,-1,0,CAACATTGCTGG
551911702720,800,False,-1,0,GGATTGTAGAGC
1086374080,832,False,-1,0,AGTCAGAATTTA
277025439808,864,False,-1,0,TTACTGTTCAAC
826789626048,896,False,-1,0,ATGGTACTGCCA
3233857536,928,False,-1,0,AAGATCAAGAAG
274877956288,960,False,-1,0,ACTTGCTACTAT
2155888832,992,False,-1,0,CTTTTGTGGATA
278103343168,1024,False,-1,0,ATCATTAGGAGA
551911735488,1056,False,-1,0,TGTTAAGTGTAA
552989671488,1088,False,-1,0,CTGTTGGTGATT
2155905216,1120,False,-1,0,TGCTGTGGCTTT
824637964416,1152,False,-1,0,GGCCTCATGCTC
278107537600,1184,False,-1,0,TGGTCACACGCG
3225436160,1216,False,-1,0,AAGTACTACAAC
827859157056,1248,False,-1,0,GGCTGACATTGA
1082130496,1280,False,-1,0,TTCTTAAGGTGC
827854962688,1312,False,-1,0,TGCTCTGGTAAG
278099181568,1344,False,-1,0,AGGTTTCACAGA
278103326784,1376,False,-1,0,ATTCGAGCCTTG
3233841344,1408,False,-1,0,ATCCTTAGTGGC
826781253760,1440,False,-1,0,ACAAGCTATCAT
825715851456,1472,False,-1,0,GCAGTGCACTCG
827854946496,1504,False,-1,0,CTGGGACAACCT
825715884096,1536,False,-1,0,TGACCTTGCAAG
550837993600,1568,False,-1,0,AGGCTGTCGTTA
278103326912,1600,False,-1,0,GATGAGGTTGTG
824646320256,1632,False,-1,0,CTGTGCCACTCT
278103326848,1664,False,-1,0,TTGAGTTTCTCG
3233808576,1696,False,-1,0,GCTGCGGCTGTT
827859189952,1728,False,-1,0,GAATGAGTTCTT
551915880576,1760,False,-1,0,TAAAGGTCGGAG
278103359680,1792,False,-1,0,GGTTCCTATGTT
549760024640,1824,False,-1,0,TAAGCTTGTCAA
827863367744,1856,False,-1,0,GACAGGCAGGTA
551915880640,1888,False,-1,0,AGCCTGGTTGTT
824637964288,1920,False,-1,0,TTCCAAGCGCGT
2155888704,1952,False,-1,0,TCGTCGTCGTTG
3225452672,1984,False,-1,0,ACCACTGGTCGT
551911735296,2016,False,-1,0,TGCATTCTTCGA
275960086528,2048,False,-1,0,ATCTTGCTGATG
825720061952,2080,False,-1,0,CCTGTTTATAAG
825720094912,2112,False,-1,0,AGTTTTTGAGTG
278107537536,2144,False,-1,0,CTTTGCCTGTGG
552985427968,2176,False,-1,0,TGTGTGCAAACC
824633737344,2208,False,-1,0,CAACACTCCTTA
3221241920,2240,False,-1,0,TGAGAGGTGATA
550842171392,2272,False,-1,0,TTACAGTTCAAA
826793836544,2304,False,-1,0,TGCTGTTAATTT
278103326912,2336,False,-1,0,ACATTGGTACTG
549764218880,2368,False,-1,0,ATAACGGCCCAT
827859173504,2400,False,-1,0,GTTTTTAACCAC
827854962816,2432,False,-1,0,TTGAGTGTTTTA
549768429696,2464,False,-1,0,CCAGCAGTGCTT
824637964288,2496,False,-1,0,CATATGGCGGTC
825711706112,2528,False,-1,0,CAATGTGGGATT
551915913280,2560,False,-1,0,AGCTTTGGACTG
825720094784,2592,False,-1,0,AGCACGCAAATT
1086373888,2624,False,-1,0,TGGCAGAAATGT
827863367872,2656,False,-1,0,GTGGTGGAAAAC
824642125824,2688,False,-1,0,CTTCAAGTATTA
552981266624,2720,False,-1,0,TTGTTTTGGGCG
3225419840,2752,False,-1,0,AGTGTTTTTGCA
824646303936,2784,False,-1,0,CCAGGCAGGCAT
3229630656,2816,False,-1,0,TTAACTGTGTTC
827854979072,2848,False,-1,0,ATTGAAACTTCT
2160115840,2880,False,-1,0,GACATTTAAACC
1082179776,2912,False,-1,0,TTGCTATTGTTG
824637948032,2944,False,-1,0,GATGGAACACTA
827867561984,2976,False,-1,0,TAGTGTTGTGCC
824646303744,3008,False,-1,0,GTGGTGGTGATG
49152,3040,False,-1,0,TCTGTTAAAACC
827854995456,3072,False,-1,0,CTCCCTTGAATT
827863384256,3104,False,-1,0,TTATGGCTGTGC
2160099328,3136,False,-1,0,CGTATCAAGGTT
826785448064,3168,False,-1,0,CGTTGAGTATAT
824637915200,3200,False,-1,0,TTAAAGATCACG
551907524672,3232,False,-1,0,ATCTATGATGAG
552977072320,3264,False,-1,0,TCTGCCCGTAAT
824642158784,3296,False,-1,0,ATGATGACACGA
0,3328,False,-1,0,GTGGAAGTTGTT
2151727168,3360,False,-1,0,CGAGGGTGATGA
2147500032,3392,False,-1,0,AGAAGGTGGCAG
275960053760,3424,False,-1,0,GGGGATGATGGT
826781204608,3456,False,-1,0,AAATGTAGAGTC
827863351488,3488,False,-1,0,CAACCTTGTCCT
550842187776,3520,False,-1,0,ACAGTTACTAAG
1073790976,3552,False,-1,0,TGTAAGCTACGG
3229630656,3584,False,-1,0,AATCTCATAACA
278111715520,3616,False,-1,0,TTGGTGCAGCTA
550842187904,3648,False,-1,0,TGACCCTGCAAT
827854979264,3680,False,-1,0,GAGTTGGTCCAA
3221274752,3712,False,-1,0,TCACAAAAGGCT
277029617664,3744,False,-1,0,TGTGTCGGCTTG
826781237440,3776,False,-1,0,ACCTACACACAC
550842155200,3808,False,-1,0,GTCTGCGGTTGT
825720078336,3840,False,-1,0,TGAGGGTTGTGC
278107553984,3872,False,-1,0,TGGAACCGTTTC
827859189760,3904,False,-1,0,TGTGCTCAAGTT
274890506368,3936,False,-1,0,TATTGTTGGCAC
277038022848,3968,False,-1,0,CTACTGCTCTCT
550842138752,4000,False,-1,0,AAACCTCTTTGT
826785448128,4032,False,-1,0,GGATAGTGGTCA
278107521216,4064,False,-1,0,ATGCTGCTATGG
824633720896,4096,False,-1,0,CATCAGATAAAG
274886295616,4128,False,-1,0,TTGTGTTAAAGA
827863384192,4160,False,-1,0,TTGTCCCTGCCG
824646303744,4192,False,-1,0,GTTGTCAAACCA
2160115776,4224,False,-1,0,TGATTTTTACCA
550837993664,4256,False,-1,0,TTAAACTTCCAT
825720078464,4288,False,-1,0,GCAAATGAGAAG
826781220992,4320,False,-1,0,AGCAAAGGCCAT
549764202688,4352,False,-1,0,TGTTGCAGAAGT
12599424,4384,False,-1,0,GCACACGGTCCC
2160099520,4416,False,-1,0,CATGTTGGAGGC
278107521216,4448,False,-1,0,ATGTTGTTGGTC
549768396864,4480,False,-1,0,CCTGAGCTTCTT
2151727168,4512,False,-1,0,TTTTGCTAACTC
552977088704,4544,False,-1,0,TGATTAGTGTTG
825720078464,4576,False,-1,0,GAAGAATCTTTA
274886344896,4608,False,-1,0,TGGTGATCGCCA
551903346816,4640,False,-1,0,GTGACAAAGAGC
549768445952,4672,False,-1,0,ATGGATGGCTTG
274882117760,4704,False,-1,0,GGCGCTTGTTGA
824633737408,4736,False,-1,0,ATGTTCAACAAG
278107553920,4768,False,-1,0,CCTAATTTTGAA
827854995584,4800,False,-1,0,TCATGCTTTCTA
552977088640,4832,False,-1,0,TGATGTCCTTAG
3233857664,4864,False,-1,0,TTTACAAATTCC
826793803904,4896,False,-1,0,TGGTAAGTGTCT
274886344704,4928,False,-1,0,CATTGCTTGAAG
550842138752,4960,False,-1,0,AGTAACAAAACA
824646352896,4992,False,-1,0,TACTTTAGATTG
824642142400,5024,False,-1,0,CTATGGTAGTAT
32960,5056,False,-1,0,AATTATGACAAA
549764235392,5088,False,-1,0,CAAGGTATCTAA
1086324800,5120,False,-1,0,TTGCTGTTGATG
3221274816,5152,False,-1,0,TTGTCCCACCTC
826789609600,5184,False,-1,0,CACACCTGACGA
827863351424,5216,False,-1,0,ATAAGAGTGTGG
1086357504,5248,False,-1,0,ACACGTAGTGTC
825707511872,5280,False,-1,0,CACTGCTACTTA
1082146880,5312,False,-1,0,GTCTTGTTAATG
549768429568,5344,False,-1,0,AAACCTGTTGTC
827854946496,5376,False,-1,0,TGTACCAAATGC
278111715456,5408,False,-1,0,GTTTTGATAAGG
825720045568,5440,False,-1,0,GACCATACTGGG
551915880448,5472,False,-1,0,TGTTAACGGTAG
552985444544,5504,False,-1,0,ATAATAATTGTT
551915929600,5536,False,-1,0,CAATTACAGTTT
549764235456,5568,False,-1,0,AGCAGGTCTACA
827867578560,5600,False,-1,0,GTACTGGTGATG
2160066688,5632,False,-1,0,TTGTACTGGCTT
4243456,5664,False,-1,0,GCCTAGTGATTC
827863367872,5696,False,-1,0,TGTCCAAGTACA
550842171520,5728,False,-1,0,ACTATTGAACGT
826785398912,5760,False,-1,0,TTGTAGTAAGCG
826785431616,5792,False,-1,0,TGAATGCTAGTG
274890489856,5824,False,-1,0,GATGGCCTTTGT
826781253632,5856,False,-1,0,TGGCAAAGTTGT
824637964416,5888,False,-1,0,TTGTTGTCAATG
827863367744,5920,False,-1,0,CCATCACACCTC
8405120,5952,False,-1,0,CACAACATTCCT
278107521088,5984,False,-1,0,TCGGCCATTATA
551915929792,6016,False,-1,0,GGTATGGTGCAT
827859189760,6048,False,-1,0,GGGTGATCTTAA
2155921536,6080,False,-1,0,TTGTTGTCTCAG
49152,6112,False,-1,0,AAAGACCCTGTG
274890539136,6144,False,-1,0,TACTAAGCTGCT
825715851328,6176,False,-1,0,CGGAAAGATTTT
1082179584,6208,False,-1,0,TCACGTAATTTA
550837993600,6240,False,-1,0,CCTTAGCATTTT
3229663424,6272,False,-1,0,TTCGTAAGAGAG
2160115840,6304,False,-1,0,GTACCCCAACGT
826781237376,6336,False,-1,0,AAGTATGCGCTA
826793820224,6368,False,-1,0,TCTTTTTCAAGC
826789593088,6400,False,-1,0,GTTCTTGGTAAG
3233808448,6432,False,-1,0,ATTGTATGCATT
550837977280,6464,False,-1,0,TTACACCTATAG
825720045760,6496,False,-1,0,GTTGTTGCTGGT
274886344896,6528,False,-1,0,CAAGAATGAGTA
2151678016,6560,False,-1,0,AGGTCTGTCTCT
12632064,6592,False,-1,0,GACTTCTCCCAC
8437760,6624,False,-1,0,CCTTAGAGACCC
824646320320,6656,False,-1,0,CTTTCTTTTATT
549768396992,6688,False,-1,0,GGGGGTGTCTAT
550829604992,6720,False,-1,0,TTTTATTTTCCA
826793836672,6752,False,-1,0,TGTTTTTGGGCC
278111764608,6784,False,-1,0,TTGCAGCTCGTG
278111764544,6816,False,-1,0,TGAGATCGTCGT
826789626048,6848,False,-1,0,TATTGATGTTCA
826789642304,6880,False,-1,0,TGCGATAAGGCA
825720094784,6912,False,-1,0,GAGTGCTCGCCT
552977055808,6944,False,-1,0,CTATCTTTCAGG
551915929728,6976,False,-1,0,GTACATGCCAAT
278111764608,7008,False,-1,0,GAAGCACAATTT
550842187840,7040,False,-1,0,CTTATGGTCCAG
552989655232,7072,False,-1,0,GTCATTGCAACT
8437760,7104,False,-1,0,ACTTAATGTGCA
3233841344,7136,False,-1,0,TTCTTATTGACA
826793787584,7168,False,-1,0,TTCTACTATCTT
824637964288,7200,False,-1,0,GAAGTACAACTT
192,7232,False,-1,0,ACACTTGCAAAG
827867529216,7264,False,-1,0,ATAATCACAGAC
1086357632,7296,False,-1,0,TGGTTCCAATGT
277029617664,7328,False,-1,0,GTGTGTATTTTT
550837993536,7360,False,-1,0,GTTAAGTTAGTG
826785415232,7392,False,-1,0,TTTGTCTGTTGA
551915880640,7424,False,-1,0,GTGCTTTTGTTA
826793820352,7456,False,-1,0,GGCAAAGACCTG
278107570304,7488,False,-1,0,GGATTGCAAGAG
278107537600,7520,False,-1,0,TACCATTGGATA
824637964352,7552,False,-1,0,GAGGCTCATCGC
278103343296,7584,False,-1,0,CATGTCATTCAA
4243648,7616,False,-1,0,CAAAACCAGAGG
2147516416,7648,False,-1,0,ATTGCCACGTGT
275964264448,7680,False,-1,0,TGTTAATCATAA
552981233728,7712,False,-1,0,TACCTGTGGTGT
550837993664,7744,False,-1,0,GCCCTTTCGGAA
8388800,7776,False,-1,0,TCGTACGACTAA
3225469120,7808,False,-1,0,TGTTGACCTTTA
551915880448,7840,False,-1,0,ACCATACCTACT
824646303872,7872,False,-1,0,GGGTGCAGGTCT
552989671488,7904,False,-1,0,AGAAATTCTTTT
825707512000,7936,False,-1,0,GTTGCTGCTTTC
549764251776,7968,False,-1,0,TTTTAGTACTCA
3221258368,8000,False,-1,0,ATGATTTCAAGT
1086374080,8032,False,-1,0,AAGACTTTTGAC
827854979136,8064,False,-1,0,TAATGTCTTTAT
550833799232,8096,False,-1,0,ATGCCAAGTTTG
3233841216,8128,False,-1,0,CCTAGTTGTCCT
825715867776,8160,False,-1,0,CGAAGCTCGCAC
278099181696,8192,False,-1,0,GTGTTTATTTAG
3233857664,8224,False,-1,0,GCTATTAACACC
826793836544,8256,False,-1,0,GTGCTTCGATGC
827863367744,8288,False,-1,0,GCGCTTGCATTT
551915913216,8320,False,-1,0,TTATCTGGTTTG
551903346688,8352,False,-1,0,TTACAAGAATGG
824637947968,8384,False,-1,0,TTTATAGTGAGT
549768446144,8416,False,-1,0,AAAATGGTAGAT
2160083008,8448,False,-1,0,TGAAATTATTTC
3221225536,8480,False,-1,0,CTATCCGTACAA
549768429696,8512,False,-1,0,GTTGGCCAGTGT
274890539200,8544,False,-1,0,TTGTTTTGGCGC
552989671616,8576,False,-1,0,ATGCAGAATCTG
3229614272,8608,False,-1,0,ACAGGGCTCTTC
274890489856,8640,False,-1,0,TAGTGTTTTTTC
12582976,8672,False,-1,0,TGTTGTCTGGTC
552985477312,8704,False,-1,0,ATTGCTTTTGTT
825720062080,8736,False,-1,0,ATTTACAAAGTT
825715884224,8768,False,-1,0,TGTCTGTTGGCG
3233808576,8800,False,-1,0,ACTTTGTTGAAC
824646320256,8832,False,-1,0,ACAGAACACACT
825707495616,8864,False,-1,0,CTTTGTATTTCT
824642158784,8896,False,-1,0,TATATGTGGATT
826785431680,8928,False,-1,0,CTCATATATTCT
278107570368,8960,False,-1,0,TGATGGTTTATG
278107521216,8992,False,-1,0,TTTATGCCTAAC
826781237376,9024,False,-1,0,AACACAACTTTT
3229646848,9056,False,-1,0,GCTCTTTTGAAA
275964231872,9088,False,-1,0,GTGCTTGATATG
2147516480,9120,False,-1,0,CAACTCTATCTC
3233808576,9152,False,-1,0,ATGCTAGTACTT
824646353024,9184,False,-1,0,TCAGGCAGTGCT
278103359488,9216,False,-1,0,TGCTTGTTTTGC
278099132544,9248,False,-1,0,TGGATTATGCTT
3233808448,9280,False,-1,0,TACACACCACCC
275951681600,9312,False,-1,0,TCTACAGGCTGG
826793836608,9344,False,-1,0,CTTCTGGTGTTG
3233808512,9376,False,-1,0,GTTTGCTATGGT
826793803840,9408,False,-1,0,ATGGCTTGGCGA
278099165376,9440,False,-1,0,ATGTTATAGCGT
552989671552,9472,False,-1,0,GATTATGATTAT
278103359616,9504,False,-1,0,CCACAACTTCTC
827854995456,9536,False,-1,0,TCCTAGGTGTTG
12599296,9568,False,-1,0,GCTTTGTTGCAG
827859189760,9600,False,-1,0,TGTCCACACGCC
3221274752,9632,False,-1,0,TTAGACCGGGTG
550842171392,9664,False,-1,0,TGCTATGATGGT
274877956096,9696,False,-1,0,CGTTAACATGCG
1086357504,9728,False,-1,0,GCTCGTTCATTA
12615680,9760,False,-1,0,GGTTATAATATT
275951698112,9792,False,-1,0,TTGCTATTTACA
550842138816,9824,False,-1,0,GCTGTCATGTTG
824637931584,9856,False,-1,0,ATGTATGGTGGT
274886328320,9888,False,-1,0,GCAAGTTGAAGG
278111731712,9920,False,-1,0,AGAATGTGTTGG
2155872320,9952,False,-1,0,ATTAATGGTTCT
12632256,9984,False,-1,0,TAGGATCGCTGT
551903346752,10016,False,-1,0,CTGTTCATAATG
827867561984,10048,False,-1,0,ACTGATTGCTTT
1086357696,10080,False,-1,0,TGGAGTTGATGT
2160099328,10112,False,-1,0,TCCAGTCTCTGC
275960037376,10144,False,-1,0,CAAATTCTTGGC
826793836544,10176,False,-1,0,GTTTACTACAGG
826789593216,10208,False,-1,0,ATGGCGTTAATC
3229646976,10240,False,-1,0,CGCGCCTGCAGA
278103326848,10272,False,-1,0,TTTTCTGACTTT
825715851456,10304,False,-1,0,CCTACACTAAGT
3229663296,10336,False,-1,0,TATGTTACACCT
824646303744,10368,False,-1,0,GCTATCCTCACT
825715900416,10400,False,-1,0,ATAAGACATTGT
550842138624,10432,False,-1,0,CCTGCTCTGATT
826781221056,10464,False,-1,0,GGCATTTGATGT
1082147008,10496,False,-1,0,CAGAGCATTTTG
277037973696,10528,False,-1,0,GGTTTTAATGCA
824646303872,10560,False,-1,0,TGTCTGCTTTGT
550829572288,10592,False,-1,0,CATACACATGGC
827854995648,10624,False,-1,0,AGTTCTGTCACT
278099181696,10656,False,-1,0,TGCGGCCTATAA
277029634240,10688,False,-1,0,TTCTTAGTTGTG
827867562176,10720,False,-1,0,GTGACTGGCAAC
827867545600,10752,False,-1,0,TTATAAAGTTGC
827867562176,10784,False,-1,0,TTCCTACGTTCG
826785431744,10816,False,-1,0,AAGAGTGTTATG
827854995520,10848,False,-1,0,TTATTTTACCTG
550829605056,10880,False,-1,0,ACTGGTTCAACA
825720078400,10912,False,-1,0,GGTGTCTATGAC
551903313984,10944,False,-1,0,GTTTAAGTATAT
278111764608,10976,False,-1,0,CACCAACTGGAA
2160099328,11008,False,-1,0,TCCGCCAAATTG
827867561984,11040,False,-1,0,GAATATTAAGAT
3221274752,11072,False,-1,0,TGACTGATATTA
826789625920,11104,False,-1,0,TTAGGCTGTCTT
2147532928,11136,False,-1,0,AAATTCAACAGA
825720045632,11168,False,-1,0,TGCATAACAAGA
552977072320,11200,False,-1,0,GAAAAAGCGCAG
824633770176,11232,False,-1,0,GGCATTTTTCCT
826793787584,11264,False,-1,0,GTTTAGACGACT
824646336576,11296,False,-1,0,GACAATAGTATG
552977055936,11328,False,-1,0,TTATGTAGGTTT
2155872448,11360,False,-1,0,AAAATGCACGCC
275960070144,11392,False,-1,0,AATAATGGTTCT
824646303744,11424,False,-1,0,ATTGCGCCATGC
3221225664,11456,False,-1,0,AATTTGACCGTG
549764235328,11488,False,-1,0,CTTGATAGAATG
549760057344,11520,False,-1,0,GATGTATAAAGA
827854946304,11552,False,-1,0,AGTCCAAAGTTG
826793820352,11584,False,-1,0,CTTTTTGGTATG
275951681536,11616,False,-1,0,TTCTGTAGACAC
277033828480,11648,False,-1,0,ATGGGGTGGTAC
3225452608,11680,False,-1,0,GTCAGTGCTACT
824642125888,11712,False,-1,0,TGATATCGATTC
1082147008,11744,False,-1,0,AGGGATGTGTCC
4227200,11776,False,-1,0,AATATAATTGAT
826793803840,11808,False,-1,0,GGTGGTACACGT
824637964352,11840,False,-1,0,ATGCTGAGTCCC
3229630464,11872,False,-1,0,GGGTGTGAGCGT
824646336576,11904,False,-1,0,TGAGATTATTCC
8437952,11936,False,-1,0,CCATTAAGGCAG
274890522752,11968,False,-1,0,GAAGGTAAGGCA
551915929728,12000,False,-1,0,ACGTACTTTTAT
549755846784,12032,False,-1,0,AACCGGACCTGC
1086341120,12064,False,-1,0,GATGGTGGTTGT
277025439744,12096,False,-1,0,ACCACGTAAGTT
3233857728,12128,False,-1,0,GTGCACAGATCA
826789626048,12160,False,-1,0,AACCTTAACACG
824646320192,12192,False,-1,0,TGGCTACATAGG
274886344768,12224,False,-1,0,CTGGTAAACAAA
277038006464,12256,False,-1,0,TCATTGTTGACA
274877956096,12288,False,-1,0,TCCTGCTAAGAC
274877939904,12320,False,-1,0,GTGGTCACAAAC
550842171392,12352,False,-1,0,ATGTTGGCCAAT
826785447936,12384,False,-1,0,TGTTACTAATGG
552989671616,12416,False,-1,0,AGGATTCATATG
278107537472,12448,False,-1,0,TATTGTAGAGCA
275951665344,12480,False,-1,0,GGATGGTTTTTG
827863335104,12512,False,-1,0,TACAGGTGCCAC
549760057344,12544,False,-1,0,CGTTTTGTACTT
552977055744,12576,False,-1,0,TTGTGGTTGTTG
826781221056,12608,False,-1,0,GTGACAGATCCA
549764219072,12640,False,-1,0,GCTTATTTAAAC
277037973504,12672,False,-1,0,GCTCGACTAGAG
826793803968,12704,False,-1,0,ACAACATGTGTA
278107521088,12736,False,-1,0,ACAAGGATGTTG
551911686336,12768,False,-1,0,AAGGTGAACTGT
3233824768,12800,False,-1,0,TAAGCATGATGC
277029584896,12832,False,-1,0,GTACCAAGTCTG
274886328384,12864,False,-1,0,ATCTATAGCAGA
827859173504,12896,False,-1,0,AGCCGAACACGA
3229646848,12928,False,-1,0,GTCGTGCAATCT
825715884224,12960,False,-1,0,GATCTTACCGAG
827854946304,12992,False,-1,0,TTACGCTTTACG
1086374016,13024,False,-1,0,GCGATGTTCTTA
550833750016,13056,False,-1,0,GGTGCTTGTGAG
277025439872,13088,False,-1,0,AGTCTGGTTTGA
12615744,13120,False,-1,0,TTCATCGTGTCT
3221258240,13152,False,-1,0,GTTGCACGTGCT
551903346816,13184,False,-1,0,CTGTGATGCAAT
827859140800,13216,False,-1,0,GTGTTGTCACAT
552989671488,13248,False,-1,0,GGTGATTTTTAT
2160083136,13280,False,-1,0,TAGTATCAAGGG
278099148992,13312,False,-1,0,CATCATATTACT
827867562112,13344,False,-1,0,GGTATGACTAAT
827863367872,13376,False,-1,0,TGTTAAGAGTGA
826793787456,13408,False,-1,0,AGTCATATGACC
552981233664,13440,False,-1,0,GAGCATAAGACA
1073758208,13472,False,-1,0,CAAGTATTGGGG
552981266432,13504,False,-1,0,GTGTGGACTGCA
824642158656,13536,False,-1,0,CACTGTGCCAAC
826793787584,13568,False,-1,0,TACCATACCTAT
552985477120,13600,False,-1,0,GTCGCAAGTGCT
549768396800,13632,False,-1,0,GTAACTACAGCT
549755830464,13664,False,-1,0,AGGTATAGTTTG
827854946304,13696,False,-1,0,ACTCTAGCAGGC
550829572288,13728,False,-1,0,CAGTTTTGTAGT
277025423360,13760,False,-1,0,ATCATCACCAGC
824637947904,13792,False,-1,0,TTTGCTTTTCAG
3221258240,13824,False,-1,0,ATGACTAACCAG
826793787520,13856,False,-1,0,CAATAAGGAGTT
277037973696,13888,False,-1,0,AAGGTTTCTTCT
827854946496,13920,False,-1,0,TTAAAGCACTTC
552977055744,13952,False,-1,0,TGCAGCTGTTAA
278107570240,13984,False,-1,0,ATAATAGACCCA
824633737344,14016,False,-1,0,GCTCGCGTCGTG
277033828352,14048,False,-1,0,TTTTGATATTTA
827854995520,14080,False,-1,0,CTAAAGAAGTGG
278103376000,14112,False,-1,0,AGCGCAGGCTAT
277029585088,14144,False,-1,0,AGCTGGTCTTTA
3229614272,14176,False,-1,0,AGGAACAGGATG
275960053952,14208,False,-1,0,CGTAACATCCTG
824642109504,14240,False,-1,0,CCTTAAATACGC
552989671552,14272,False,-1,0,CACGCACAGTGG
274890506240,14304,False,-1,0,ACCATGACCACT
4227200,14336,False,-1,0,CCTTAAATCCAT
552977088704,14368,False,-1,0,CGGTTGTTATTG
3229630656,14400,False,-1,0,GGTTGGGACAAT
827867562176,14432,False,-1,0,TGGTGTTGAAAA
552985477184,14464,False,-1,0,ATTACCCAAAGT
1077936320,14496,False,-1,0,ATGATACGCATG
278107570176,14528,False,-1,0,CTCTAAGCACAC
551903297664,14560,False,-1,0,ACCGCTTTTTCA
552989671424,14592,False,-1,0,CAAGTCCTTACT
550837993472,14624,False,-1,0,AGGGTTTTATTT
275964248128,14656,False,-1,0,CTGGTGATGCAA
824633720896,14688,False,-1,0,GTTTTCAATATC
824646320128,14720,False,-1,0,TGTTAACAAACT
824633720832,14752,False,-1,0,TCTGTCATAACT
551915880512,14784,False,-1,0,CGTAAGCTCTAT
278111764672,14816,False,-1,0,TATCGTCGATGA
549768413312,14848,False,-1,0,ATGGTTACTTGC
551915929600,14880,False,-1,0,ATTCTTTCTGAT
1082179712,14912,False,-1,0,CAATGACTATGC
826789642432,14944,False,-1,0,ATCTTAACGCAT
827859189760,14976,False,-1,0,CAGAACAACGTC
824633720896,15008,False,-1,0,TTGGATCGAGCC
277025439872,15040,False,-1,0,ATGAATTTTGTT
550842155072,15072,False,-1,0,GTCGATAAGGAG
12632192,15104,False,-1,0,CCCTGATCCTTC
3221242048,15136,False,-1,0,TGTTTGTTGATG
551915929792,15168,False,-1,0,GTTGTATTGCTT
278103359616,15200,False,-1,0,TATAGATGCCTA
2160066688,15232,False,-1,0,ACCCTGAATATA
8388672,15264,False,-1,0,TTGGATTGGGTT
551907541120,15296,False,-1,0,GAATGCTGGTGT
3229614144,15328,False,-1,0,CACTTTTGGAAG
825711706112,15360,False,-1,0,GATGAGAGCTTT
3225452736,15392,False,-1,0,ATCTGCAGTTTT
274886344896,15424,False,-1,0,TTGTTTGTGGCT
277037990016,15456,False,-1,0,GGTGATTGTCTA
825720094720,15488,False,-1,0,TAAGTGTGCTTA
826781220864,15520,False,-1,0,CTCACAAGTTCA
824646336512,15552,False,-1,0,GTGTGTTGTGCT
278107570176,15584,False,-1,0,TGTAACCAAGCT
1077969088,15616,False,-1,0,ACTGGTGTCATG
825720078528,15648,False,-1,0,TTCCCGTTGTGC
826785448000,15680,False,-1,0,CTTATACAAAAA
827854962688,15712,False,-1,0,ATGTTGAAGACT
550833750208,15744,False,-1,0,GATTGGACTGAT
552989671616,15776,False,-1,0,AAATGATGTCAA
826781204608,15808,False,-1,0,CAGCGGAAACTA
825720045760,15840,False,-1,0,GTTAAGTCATCC
32832,15872,False,-1,0,TGAGGTTGTAGG
549755830464,15904,False,-1,0,AATGGGAAGTCG
552989671424,15936,False,-1,0,AATAGAAATTCG
278099148928,15968,False,-1,0,AACGAAGAACAC
12583104,16000,False,-1,0,TTGTGTTTGAGA
1077936192,16032,False,-1,0,GCTGTAACATAT
277038006272,16064,False,-1,0,ACTTGTTCCTGG
4210688,16096,False,-1,0,CACATAATGTTC
551915880640,16128,False,-1,0,ATTGCTAATCAA
827854946432,16160,False,-1,0,TAAGTTGCATCC
826793787392,16192,False,-1,0,CTTATTCTAGCT
3221225472,16224,False,-1,0,ATTGGTAAGCAG
824637931648,16256,False,-1,0,ACCCCCCGGTAG
825711689728,16288,False,-1,0,TAGGGCTAGGTT
551915913280,16320,False,-1,0,ATTGTGTTTACA
824637931648,16352,False,-1,0,CGATTCACTCTG
3225468928,16384,False,-1,0,ATAGCAATGACA
549768429696,16416,False,-1,0,CAGCGTGCTCGT
824637947968,16448,False,-1,0,CAAGTCTAATAA
3225419968,16480,False,-1,0,TCTCCACTGTCA
552989655104,16512,False,-1,0,GCGGACATTGTT
827859156992,16544,False,-1,0,GTGCACTAATTA
2155921600,16576,False,-1,0,AGCGCATCAGCT
278111731840,16608,False,-1,0,GGTGACCCTCAA
824646303744,16640,False,-1,0,TATGATTTCACG
827859189952,16672,False,-1,0,ACTACAATGTTG
552985428096,16704,False,-1,0,CTTAAGCCTGAT
12599424,16736,False,-1,0,TCGCTGTCCTGC
4243648,16768,False,-1,0,CTGAGATGGTCT
8437760,16800,False,-1,0,GTGCACCCTGAC
826781253632,16832,False,-1,0,CTTTTGCAAGGG
1077985472,16864,False,-1,0,GTTCAAGTATTA
825707479168,16896,False,-1,0,GTGCGTATGTTT
824637964288,16928,False,-1,0,GTCAAAGGCTGT
825711706112,16960,False,-1,0,GCCAGAATTATG
3233857536,16992,False,-1,0,TTACAAATTCAG
277037989952,17024,False,-1,0,TAGTGAGTATGA
278099132608,17056,False,-1,0,CCTCAGATACTG
552977072128,17088,False,-1,0,AGGTTTAATGTT
824642158784,17120,False,-1,0,AGGCATATTATG
824646303936,17152,False,-1,0,TTTTTGATCTGC
275964264576,17184,False,-1,0,TTGTCTGATTTG
274886344832,17216,False,-1,0,TCTTTTTAAAGA
278099148864,17248,False,-1,0,TGTTGCCACCGT
3229646848,17280,False,-1,0,TCTTTAGCGGAC
2160115776,17312,False,-1,0,TCTTGCTGTTCA
3233857664,17344,False,-1,0,TTAAATATGAGC
0,17376,False,-1,0,TTCCGTTTTGAT
275951697920,17408,False,-1,0,CACTCTCTTTTG
551911735360,17440,False,-1,0,GCAATGTTAGAG
552981233856,17472,False,-1,0,GAAGGAGCACAT
1086357696,17504,False,-1,0,TACAAATGTCCC
827854962688,17536,False,-1,0,ACGGTGTTGATT
550842187968,17568,False,-1,0,TGCGTTGTAACT
826785398912,17600,False,-1,0,ACCCGTCAGAGC
826793836544,17632,False,-1,0,AATTCGCACACC
552989622400,17664,False,-1,0,GGCCAACCATGG
826781237248,17696,False,-1,0,AGTTCAAATGTG
827863384192,17728,False,-1,0,TATCAGACATAC
825720061952,17760,False,-1,0,GGTGGTTTGGAG
49280,17792,False,-1,0,TGTCAAGATTGG
278111715520,17824,False,-1,0,GTGGTAAGGTTG
826785415232,17856,False,-1,0,CTGCATACGTAC
827854946496,17888,False,-1,0,TGGTTGTGATTA
2160066560,17920,False,-1,0,TTGATATACAGC
274886344704,17952,False,-1,0,CTTAGCCTTAAC
551907541120,17984,False,-1,0,ACATAGAAACGA
552985477312,18016,False,-1,0,CCATAATGACTC
3225469120,18048,False,-1,0,TGCTTTGTCAAG
824633769984,18080,False,-1,0,ATACCCATTTAT
552981250112,18112,False,-1,0,ATAAGAGCGGCC
274877907008,18144,False,-1,0,ATGCGTTCAGTT
826781253760,18176,False,-1,0,AGCCATATATGA
826789593216,18208,False,-1,0,TTAGATGCGCCG
1086373888,18240,False,-1,0,TGCTTTGACAAG
551903297600,18272,False,-1,0,CAAGACATTGGA
551915929728,18304,False,-1,0,GCCAATTTGATG
49216,18336,False,-1,0,TGCAATGTGGAC
824642158784,18368,False,-1,0,GGTCTGTCGTTT
3221258432,18400,False,-1,0,CACTCAACTTGG
16448,18432,False,-1,0,CTGTATGTTAAC
551915929792,18464,False,-1,0,GGCTTTTGACAA
825720045760,18496,False,-1,0,AGCCAATGCCAT
824637915136,18528,False,-1,0,GAGTGTGACAAG
549755830272,18560,False,-1,0,TGTTCCTCTTAG
549764235456,18592,False,-1,0,AATGTAATGTTG
824637947904,18624,False,-1,0,CATTGTGCTATG
827859156992,18656,False,-1,0,TTACAACACCTT
277033795776,18688,False,-1,0,TTTGGGTGCCCA
826785447936,18720,False,-1,0,CTGTGGCAGACA
827854995456,18752,False,-1,0,TCTTGAGAACAT
827863367808,18784,False,-1,0,AAGGATCTTTTG
549760041152,18816,False,-1,0,CCTGTAGCTGTG
826785448128,18848,False,-1,0,TAGAGATGGTAC
274877906944,18880,False,-1,0,CAAACAAGACAT
549768429696,18912,False,-1,0,TTTGAGTTGTAT
824646353088,18944,False,-1,0,CACCCCTCCCAT
278111764672,18976,False,-1,0,GTGTTGTTTGTA
551903297600,19008,False,-1,0,GACTATGAAGCC
274877923520,19040,False,-1,0,TACAAAGGATGT
549768396864,19072,False,-1,0,AGGGTGACGTTT
824633770176,19104,False,-1,0,ATTGTTGGTTCA
549760057472,19136,False,-1,0,CCAGAATGCTGT
275951698112,19168,False,-1,0,TTAAAAAGCTTA
552977039424,19200,False,-1,0,GGCTATCTTAAT
824642158784,19232,False,-1,0,TGAAGATAAACC
551911686336,19264,False,-1,0,CTAGGAAGAACG
12582976,19296,False,-1,0,GATGGCTATTTT
824633753600,19328,False,-1,0,TGATTTTAGCCC
827863384256,19360,False,-1,0,ACTTCCTAAGTA
274890522816,19392,False,-1,0,AACAAGTACGGA
826793787392,19424,False,-1,0,GCACGTTGTGTA
827859189888,19456,False,-1,0,CCCTTGGTGGTT
827867545600,19488,False,-1,0,GTGCGTCTGGCC
549755863040,19520,False,-1,0,AGACGAGTTTGT
278111731776,19552,False,-1,0,TAAAGTCATGTA
3225469120,19584,False,-1,0,CCTAGTAGTAAG
278111731776,19616,False,-1,0,TCTCCTGCTTGA
825715867776,19648,False,-1,0,AATCTTTGGATT
549768396928,19680,False,-1,0,CATGAAGTTATG
549755863104,19712,False,-1,0,GTGGATGTTGTG
274882117824,19744,False,-1,0,AGACATTTTATC
825715900608,19776,False,-1,0,TGGAAGTGTGGT
827867529408,19808,False,-1,0,CAAGATACAACG
3229663360,19840,False,-1,0,ATCTCTATAACT
3225452544,19872,False,-1,0,CCTGATGGCATT
827867578368,19904,False,-1,0,CACACAGCTTTG
278099165312,19936,False,-1,0,CAATGTGTGTAC
550842171584,19968,False,-1,0,CATCTTGGTGCT
827863384256,20000,False,-1,0,ACCTGGCACGGC
824642109632,20032,False,-1,0,CACTGGATGCCA
12632192,20064,False,-1,0,GTGGATTACGTT
274890506432,20096,False,-1,0,TACAGGAGATTG
827867529344,20128,False,-1,0,ATAAGTTTGACT
2160099328,20160,False,-1,0,GATGGTAAGATT
3233824768,20192,False,-1,0,CGTGTCTAAAGA
274890506432,20224,False,-1,0,ATGGTGTTATCA
8421568,20256,False,-1,0,GGTACTGTAGCT
552977055808,20288,False,-1,0,TTGGAATAAGAA
549768429632,20320,False,-1,0,AGTTTGAGTATT
825715900608,20352,False,-1,0,GTTAACACGTCA
826781253632,20384,False,-1,0,TGGTGTTCACTA
1073791168,20416,False,-1,0,GCGCTGTGATTG
826793787584,20448,False,-1,0,AATTATATCTTC
274890539200,20480,False,-1,0,GACTATGTCTTA
551903313920,20512,False,-1,0,GCAAGTTCAATT
128,20544,False,-1,0,GTTGTTAATTTA
278099181568,20576,False,-1,0,TGTTGTGTTAGG
3229663424,20608,False,-1,0,TGCTAGTGCGTA
827859140608,20640,False,-1,0,TTTTCTAATCAT
827863351488,20672,False,-1,0,AGGTCTTTAATT
12583040,20704,False,-1,0,AGTACTTCCAAC
3221225664,20736,False,-1,0,TCACTAGGTGCC
3233824832,20768,False,-1,0,CGGTTCTTTTCA
826789609536,20800,False,-1,0,TGCCGTCGTCGT
275964264512,20832,False,-1,0,GTATGAACTCTT
551907508352,20864,False,-1,0,GGCATTGAAACT
277029634176,20896,False,-1,0,TTTTCTCAGCTA
826789609664,20928,False,-1,0,TTGAGATTGGCA
278111731712,20960,False,-1,0,CCTAGTGGTTAC
274882150464,20992,False,-1,0,CACTAATGGTAA
3229614080,21024,False,-1,0,TGCGCATTTGCC
549768396864,21056,False,-1,0,TTGGGCCCTACT
16448,21088,False,-1,0,TCGTAACTGCCT
8437952,21120,False,-1,0,CTTATATGCGTG
549768429632,21152,False,-1,0,GGCATAACATGG
552977088576,21184,False,-1,0,TTTTGCTGACAA
275960053760,21216,False,-1,0,AAAATGATTGGT
2160082944,21248,False,-1,0,TACAATCGCAGA
278111764608,21280,False,-1,0,TTATACACCTAC
3221225664,21312,False,-1,0,CTAGTGCAGGTG
2160115776,21344,False,-1,0,CCCTGTACAGCT
277029634112,21376,False,-1,0,CAATGTATTTGC
827854946432,21408,False,-1,0,TACCAGAAGGTT
550842187776,21440,False,-1,0,CTTTTATCCAAT
275955875968,21472,False,-1,0,TAAAGTGGTTTC
278099181760,21504,False,-1,0,ATTGTCTTTTGG
825711673408,21536,False,-1,0,CTAGGCCAATTT
826785448064,21568,False,-1,0,GGATGGCGTTTG
277037973696,21600,False,-1,0,GTGCCCCAGAGG
3233841216,21632,False,-1,0,GACACCTCCGTC
827863334976,21664,False,-1,0,TGTACTTCATAC
552989622464,21696,False,-1,0,CTTTTGTTTGCA
552989655104,21728,False,-1,0,TTAGCCATCTTT
278111764608,21760,False,-1,0,TGAAGTACCCTA
278111715392,21792,False,-1,0,ATACTTACAACT
275955876032,21824,False,-1,0,GCTGTTTTACCT
826793836544,21856,False,-1,0,CATCACCAAGTA
827863384192,21888,False,-1,0,GGTTTGGCTATT
3233824896,21920,False,-1,0,GCTGTCACAATT
826793820160,21952,False,-1,0,TGACGATGACGT
827863384128,21984,False,-1,0,CATCGACTAATT
827863335104,22016,False,-1,0,GTTCAAGGAACT
824633737408,22048,False,-1,0,TTGTGATGATCC
825715851456,22080,False,-1,0,CTCAGGTTGCTT
826785415296,22112,False,-1,0,TACCCCATCTCT
827867578432,22144,False,-1,0,CGAACAGCCAAT
3229614272,22176,False,-1,0,CATTTAATGATC
826793787520,22208,False,-1,0,GTCTCTGCGGCT
2151727104,22240,False,-1,0,CAATCTCGTTGC
827863351296,22272,False,-1,0,GGTTTAGTTCTT
278111748160,22304,False,-1,0,TTTACCATTACA
827854946432,22336,False,-1,0,CAGTTATGGTTA
825711673536,22368,False,-1,0,GTAATTGTCCTT
826781253824,22400,False,-1,0,GATTACCTGTCT
551907540992,22432,False,-1,0,AACCAGCCTTTT
3233841344,22464,False,-1,0,ATCTTTTTGGTT
827867545792,22496,False,-1,0,GTTAAGTTGACG
549764235264,22528,False,-1,0,AAAAGGTGAGTT
824642126016,22560,False,-1,0,CACTTGAAGGTA
825715851456,22592,False,-1,0,ACTCTGGATGTG
826793836608,22624,False,-1,0,TGGCTTTAAAGG
826789642432,22656,False,-1,0,CAAATTCTAGCA
549764235456,22688,False,-1,0,ACATCTGATTCT
826793836672,22720,False,-1,0,GAATGTCACTAG
824637931520,22752,False,-1,0,CGCCATGTTCTT
3233808448,22784,False,-1,0,GTTAATGATGAT
278099181568,22816,False,-1,0,TTTGTCTAACTC
825711673536,22848,False,-1,0,AGTTGCCTGGTT
12632256,22880,False,-1,0,GGCTCCAATTGT
827854995456,22912,False,-1,0,TAGTAACATAGG
278111748096,22944,False,-1,0,TTGGCTATGTTC
3233808576,22976,False,-1,0,AAGATTGCACCC
274890539008,23008,False,-1,0,TATTCCCACCAA
3221242048,23040,False,-1,0,CAGAATATTTAC
550842187776,23072,False,-1,0,AGTGTTGATTGT
825720062016,23104,False,-1,0,TAACTCTCGTTG
551903297536,23136,False,-1,0,ACACTGCAGCAT
551915929792,23168,False,-1,0,TTACAACTCAGC
549768446080,23200,False,-1,0,AGTTAACTCTAT
275951665344,23232,False,-1,0,CTTTACAGTTAG
3233841344,23264,False,-1,0,GGTGATGGATAT
275955892224,23296,False,-1,0,TGCTTCCGTGTA
552977039424,23328,False,-1,0,TGGTACAAAAAA
552989655232,23360,False,-1,0,CTTTTTAATAAA
3221242048,23392,False,-1,0,TACTGTTGATGA
827859189952,23424,False,-1,0,ATGGTCGCTCTG
552985444416,23456,False,-1,0,CAGTATTACTCT
824646320320,23488,False,-1,0,CGTTGTTGACGC
827854962688,23520,False,-1,0,GTGCGTCTCTCA
550829572288,23552,False,-1,0,GGTATAACTGCT
12632128,23584,False,-1,0,CTATGCTGTTCA
3225452608,23616,False,-1,0,CTTTACAGACGG
550842187840,23648,False,-1,0,CAATTGCTTGCT
826793820288,23680,False,-1,0,TGGTAATATAAC
549768396992,23712,False,-1,0,AAGAGGCTATTA
275964231872,23744,False,-1,0,AACACTGTGGCT
825715851456,23776,False,-1,0,AGAGGTTGTTAA
826785398848,23808,False,-1,0,ACCAACTTACCG
1086357696,23840,False,-1,0,CAAGCCATTTCT
275955859584,23872,False,-1,0,TTCCCGACTGGA
825715884032,23904,False,-1,0,AGGTTGATCGTC
827859140800,23936,False,-1,0,GCACTTAATGCT
550833766400,23968,False,-1,0,TAAGTATACTGA
3229646912,24000,False,-1,0,TAGCACAGCAAA
274890539136,24032,False,-1,0,TCGCAATCTCAG
278103359552,24064,False,-1,0,TGATGGCGAGCA
551915929792,24096,False,-1,0,CCGCACCTCAGG
549768396992,24128,False,-1,0,GTACTTGTACCG
278111764608,24160,False,-1,0,TGCCATCGCTGG
827859173376,24192,False,-1,0,TTGCCTTGACTC
552977088576,24224,False,-1,0,TTGTTTACGCAT
827859140608,24256,False,-1,0,GACGGAATATTT
3229647040,24288,False,-1,0,TTGAACCTAGAA
2155872256,24320,False,-1,0,GTTCAAATTGAG
275964231808,24352,False,-1,0,CAATCTGACTAG
827854946304,24384,False,-1,0,TCCCAGATTACA
550837944448,24416,False,-1,0,GATGAGATTTTA
825707511808,24448,False,-1,0,TGGTCCAAGTCT
3229614272,24480,False,-1,0,CCACTTATCTTA
275960053888,24512,False,-1,0,GATCTAGAGCAG
550837960704,24544,False,-1,0,TACTACAGAAGA
278107570304,24576,False,-1,0,ACATCAACAACA
550833750144,24608,False,-1,0,CTCAACCGAGTT
549768446080,24640,False,-1,0,GTGGTGGGTTTG
824637964352,24672,False,-1,0,TCATCTTTGTTG
551915929728,24704,False,-1,0,TGCATTTCCACG
827859189952,24736,False,-1,0,TTGCTGCGGTGC
824646303936,24768,False,-1,0,GGGGTCCTAGAC
549755863232,24800,False,-1,0,GAAAAGGTCCAC
3225452736,24832,False,-1,0,CTTTTTCAATAC
551903330496,24864,False,-1,0,AGATGTCTCGAA
2151677952,24896,False,-1,0,ATGCTGTCCAAG
550842138752,24928,False,-1,0,CCAATTAGACAA
827867545792,24960,False,-1,0,TCTTTTCACCAG
278111748160,24992,False,-1,0,CACTGTTTAAAG
550842171584,25024,False,-1,0,TATATTATGTTG
275964281024,25056,False,-1,0,CTTTCTCTATTG
49344,25088,False,-1,0,GTGCACTTTTAG
3233841280,25120,False,-1,0,GCACTTATTGGC
274877939904,25152,False,-1,0,TTACTCCTGGCG
277029601472,25184,False,-1,0,TTATCTTTAATA
549768429568,25216,False,-1,0,AATGGTAAAGCA
2155888832,25248,False,-1,0,CATTGTGATTCT
3229630528,25280,False,-1,0,TCACTTTTGGCA
824633720960,25312,False,-1,0,AGTAACATTGAC
825707495488,25344,False,-1,0,GCGGCAAGAAGC
827854946496,25376,False,-1,0,CTGTTGAGCTTC
274890522816,25408,False,-1,0,GTCTTTTCGCAA
827867529344,25440,False,-1,0,TAATGCTGCATT
827867529344,25472,False,-1,0,AGTATGCTACAA
825715900544,25504,False,-1,0,AGTAGTTAATGT
827854995520,25536,False,-1,0,TCTTTTTCCTGC
3225419904,25568,False,-1,0,GTCCAATTGGTT
826793836608,25600,False,-1,0,CCGGTTGTGTAA
12583104,25632,False,-1,0,TAGGGCGCCTGT
278103326912,25664,False,-1,0,ATGCGAATTGAC
552989622464,25696,False,-1,0,TGACGTATAAAC
552989638848,25728,False,-1,0,ATTCCCGTTGAT
278099148864,25760,False,-1,0,AAACTGGAATTT
826785398848,25792,False,-1,0,CGATACTACTTG
552985460928,25824,False,-1,0,TACAAGTACTCT
12615744,25856,False,-1,0,GATGGCTATTCT
278107537536,25888,False,-1,0,TGTTGGCACTGT
2151727168,25920,False,-1,0,AGCTTCCAGGTC
552989671424,25952,False,-1,0,CAGCATCCTTAT
3221258432,25984,False,-1,0,TGTGGATAATGT
12632128,26016,False,-1,0,TTGTGGCGCAGG
826793803776,26048,False,-1,0,CAATCCTGAAAC
551915929600,26080,False,-1,0,CTGTGATGGGCC
2147500096,26112,False,-1,0,CTTGGAGCACCA
1086357696,26144,False,-1,0,CCTTAGTGGTAC
549764235264,26176,False,-1,0,AGGTTGCTACTG
3225452608,26208,False,-1,0,CCTAATTTCGTC
275964281024,26240,False,-1,0,AACAATTGTCTA
275960070336,26272,False,-1,0,TCAATGCTTCAT
4243520,26304,False,-1,0,TATGTCCGGTCA
551915896960,26336,False,-1,0,TGTGAGTAATCC
827863334912,26368,False,-1,0,GTGAGAAAGTGC
275964231872,26400,False,-1,0,ACTTTATGGCTT
550829572096,26432,False,-1,0,GGCCGCAAACGG
824633753664,26464,False,-1,0,CCCTCTTAGGGT
275960086592,26496,False,-1,0,CTAAGGTACTTG
8388736,26528,False,-1,0,AACAAGGGGAAT
1082146880,26560,False,-1,0,CTGGAATGAGCA
824637931712,26592,False,-1,0,GTGGTGAGCGAA
277025406976,26624,False,-1,0,CATTTCTACTAC
824642158720,26656,False,-1,0,CGACCTCCGTTA
274886312064,26688,False,-1,0,TTTTCTGGGTTG
826785398848,26720,False,-1,0,GAACCCACTAAT
275951665216,26752,False,-1,0,TGAAAAGCCAAT
827854995456,26784,False,-1,0,AGCTCCCCAGTG
550842138688,26816,False,-1,0,AACACACCTCCT
824642125824,26848,False,-1,0,TAGCAGGAGTCG
550829588672,26880,False,-1,0,CTAGATCTCCAA
1082146944,26912,False,-1,0,CAGTCCCGTGGT
826785431552,26944,False,-1,0,TAACCAGGGTCG
1073742016,26976,False,-1,0,GAGGCAATAATA
2151727104,27008,False,-1,0,AACCAGTCCAAT
3229663296,27040,False,-1,0,CCGTGGTGGTGT
3225419968,27072,False,-1,0,TGGCTGCTGTCA
1077952512,27104,False,-1,0,GGTATTGGAGAA
825707495552,27136,False,-1,0,ACAGCAGAAGCC
64,27168,False,-1,0,ACAGCGGCAAAA
824633753792,27200,False,-1,0,TCCAGGGCCACT
549764251648,27232,False,-1,0,AGACATCCCAGA
824646352896,27264,False,-1,0,GCGAAAATAGCG
12615744,27296,False,-1,0,AGAGGGGGCTTC
2147516544,27328,False,-1,0,ATTTGTCGAAAA
278107537600,27360,False,-1,0,ATGCTCAGATCG
826793820224,27392,False,-1,0,GCAGCATTGCTC
552977072128,27424,False,-1,0,TCGTGAGCTAGC
827859140608,27456,False,-1,0,ACAACTATAAAA
278111731904,27488,False,-1,0,CCAAATGTTGAG
824637915200,27520,False,-1,0,TGCATTTAAAAC
2147516416,27552,False,-1,0,GAAAGAAGGAAA
274886295552,27584,False,-1,0,ACGCTGCAGCAG
552977072192,27616,False,-1,0,TGATGTGGGTGC
550837993664,27648,False,-1,0,CCAATCTGGAAT
549768396800,27680,False,-1,0,GGTGATACGGCC
3225452672,27712,False,-1,0,CTTCGATACAGG
277029617856,27744,False,-1,0,GGCTTATCCTGG
827867578560,27776,False,-1,0,ATTACACTGTTA
552985477184,27808,False,-1,0,GACTTGGCTGCT
825711673472,27840,False,-1,0,AACCAGCGGTCT
824637915136,27872,False,-1,0,AGCCAGTGGTAA
550837944320,27904,False,-1,0,TACCATAGCACT
3225419776,27936,False,-1,0,CCTTTTCATCTA
2147516544,27968,False,-1,0,AAGATCCGCTTG
827863384064,28000,False,-1,0,GTGCCAGGTATT
3229663424,28032,False,-1,0,ACTGAAGACCTG
