49344,32,False,-1,0,CTACCCAGGAAA
827859156992,64,False,-1,0,TTGTAGATCTGT
827859140672,96,False,-1,0,TCTGTGTAGCTG
549755813888,128,False,-1,0,TGCACCTACGCA
274886295616,160,False,-1,0,TACTGTCGTTGA
1077985472,192,False,-1,0,CCTCTTCTGCAG
825707479168,224,False,-1,0,TGTTGCAGTCGA
8421504,256,False,-1,0,CGTCCGGGTGTG
550837944320,288,False,-1,0,GCCTTGTTCTTG
825711673536,320,False,-1,0,GTCCAACTCAGT
551915913408,352,False,-1,0,AGACGTGCTAGT
826789625856,384,False,-1,0,TGGAAGAGGCCC
2160099328,416,False,-1,0,CTCAAAAATGGC
1073791040,448,False,-1,0,GGAAAAAGGCGT
824646303808,480,False,-1,0,CCTATGTGTTCA
549764235264,512,False,-1,0,AGCACCAATCAC
551915913344,544,False,-1,0,GGTTGCAGAAAT
277033828480,576,False,-1,0,GTAGCGGTATAA
1086374016,608,False,-1,0,CATGTGGGCGAA
824642158720,640,False,-1,0,TGTTCTTCTTCG
552977039360,672,False,-1,0,CCGGTGGTCATA
549764235328,704,False,-1,0,TCTTATGACTTA
826781220864,736,False,-1,0,TCCCATTGAAGA
552981266432,768,False,-1,0,CTAAGCATGGCA
2160099392,800,False,-1,0,ACTCGTGAGCTC
278107537536,832,False,-1,0,CTATGTCGACAA
1073742016,864,False,-1,0,GGTACCCTCTTG
1082130624,896,False,-1,0,GCACGCGCGGGC
824633753600,928,False,-1,0,CGAACAACTTGA
552981233856,960,False,-1,0,GTGTCTACTGCT
4227072,992,False,-1,0,ATTGCCTGGTTC
550842138624,1024,False,-1,0,CTACGAGCACCA
825720045696,1056,False,-1,0,GTGCCAAGAAAT
552989622336,1088,False,-1,0,TGCCCAAAGTTT
825715900416,1120,False,-1,0,AGTCAAAGTCAT
550837977088,1152,False,-1,0,AAAAGACTGAGG
550842155008,1184,False,-1,0,TCTGTGTACCCT
278103359488,1216,False,-1,0,TAACAATATGCA
12615808,1248,False,-1,0,GTAATCATTGCG
1086357504,1280,False,-1,0,TGCGACTTTCTG
826793787456,1312,False,-1,0,TGGCACTGAAAA
192,1344,False,-1,0,CTACATGTGGGT
825711673344,1376,False,-1,0,GTGAAAATGCCA
825715900544,1408,False,-1,0,AGAGATTGGACC
275960053760,1440,False,-1,0,ATCACAACCACT
1073791104,1472,False,-1,0,CGCAAGGGAGGT
277033795584,1504,False,-1,0,CTGTGTGTTTGC
552981250240,1536,False,-1,0,AGCGTGCCTACT
549768396864,1568,False,-1,0,GATATTGGCTCA
552977072192,1600,False,-1,0,TGACAATGTGGA
552981282880,1632,False,-1,0,TTGAGATACTGA
552989622272,1664,False,-1,0,AACATTGTTGGC
826785415296,1696,False,-1,0,GGTTGCCATCAT
827854995584,1728,False,-1,0,CTACAAGTGCCT
827854946496,1760,False,-1,0,CTTGATTACAAG
274890506368,1792,False,-1,0,GTCCTGCGGTAA
552977088512,1824,False,-1,0,AGCCCGTAAAAG
825707511936,1856,False,-1,0,CAGAGATCAGTT
826793803968,1888,False,-1,0,TCCCTCACAGGC
278107537472,1920,False,-1,0,TTTTTGCGCGCA
824633753792,1952,False,-1,0,TCAATTCCTGAT
827854979264,1984,False,-1,0,CATACTTGATGG
277037989888,2016,False,-1,0,GTCTTGTCGACG
3233808448,2048,False,-1,0,CTGCTCACCAAC
826781237440,2080,False,-1,0,TGTAACTGGTGG
3229630656,2112,False,-1,0,AGTGGTTGTCTA
278111764672,2144,False,-1,0,GAAAAACTCAGG
826793787456,2176,False,-1,0,GGCGAAACTTAG
3221274688,2208,False,-1,0,AGGATGCTTGGG
552981266432,2240,False,-1,0,ACAGGTGTTTTT
12615872,2272,False,-1,0,ACAGGTTGCTTC
827863335040,2304,False,-1,0,TAAAATGCTTCA
192,2336,False,-1,0,CTCGAAATGTGC
552989638784,2368,False,-1,0,TGGCGCAAAGTT
274877939904,2400,False,-1,0,AAGTCTTCATCG
277033795776,2432,False,-1,0,CGTCAGTGTATA
824637915264,2464,False,-1,0,ACTACTCATGCC
3233808448,2496,False,-1,0,TAACCTTTCTTG
549768413184,2528,False,-1,0,GTACTTACCTCT
1073774720,2560,False,-1,0,CGGTGAACTCGA
49216,2592,False,-1,0,ATAGCTTCACAA
2151694528,2624,False,-1,0,CCAGTCTGTGTA
1073758400,2656,False,-1,0,GATTAAGGACAA
827854946368,2688,False,-1,0,CTCCTGGTTTAC
550829555840,2720,False,-1,0,CGCTTAAAAGGG
12615808,2752,False,-1,0,AACCTTTGGAGA
2147500224,2784,False,-1,0,AAGGTTACAAGA
549755830272,2816,False,-1,0,CTTGATGAACGT
274890489984,2848,False,-1,0,AAAGTGCTCTGT
3233857536,2880,False,-1,0,CCGAAGTTACTG
1073758400,2912,False,-1,0,GAGGCTGTTGTG
274886344768,2944,False,-1,0,TGATCTCCTTAC
827867529216,2976,False,-1,0,ATGAGTGGAGTG
549760057408,3008,False,-1,0,GATGATGCTGGT
278103326848,3040,False,-1,0,TATGTATTGTTC
12582912,3072,False,-1,0,AAGAAGAGGACG
2147516416,3104,False,-1,0,GAAATTGATGAA
825715867712,3136,False,-1,0,TACAGAGGATGA
278099181568,3168,False,-1,0,AATTTGGTGCCT
549760024576,3200,False,-1,0,GAGGAAGAAGAA
2160099456,3232,False,-1,0,TACTACTGAGCA
274882150592,3264,False,-1,0,CAGAACCTACAC
824646336512,3296,False,-1,0,TTTACTGGTTAT
826793836672,3328,False,-1,0,TGCCATTAAATG
3229663232,3360,False,-1,0,CACAAAGTGCTA
278099165312,3392,False,-1,0,GCTGCTAACATA
0,3424,False,-1,0,TGTAGCAGGTGC
2155872320,3456,False,-1,0,GTGCCATGCAAA
278099165312,3488,False,-1,0,AAGCTAAATGGC
825707511808,3520,False,-1,0,TTGTTTGCTTTC
827859140608,3552,False,-1,0,AGTGTCTGCATG
12582976,3584,False,-1,0,GCAGGTGAGGAC
278099148992,3616,False,-1,0,ATATGAAAATTT
824642158784,3648,False,-1,0,TTGCACCATTGT
275951681664,3680,False,-1,0,GCTAAACCACTT
825720094848,3712,False,-1,0,GCAGACGGTTCG
278107521216,3744,False,-1,0,TCAATGACAAAG
549764219008,3776,False,-1,0,ATGGATTATCTT
2147483648,3808,False,-1,0,GGAAGCACCTAA
3229614272,3840,False,-1,0,CAGAAGATTCCA
549764218880,3872,False,-1,0,GTACAGAAGCCT
826793803776,3904,False,-1,0,TAAGGCCTGCAT
3221225600,3936,False,-1,0,TGGAAGAAACTA
552989622464,3968,False,-1,0,CTCTTGTTTGCT
549768396928,4000,False,-1,0,CCATGATTCTCA
826789609664,4032,False,-1,0,ATATGTCTTTCC
552989655040,4064,False,-1,0,ATGGTAGGTGAT
1077936256,4096,False,-1,0,CACTTGTGTTGT
2160099520,4128,False,-1,0,GTGGCACTACTG
549764202560,4160,False,-1,0,AAGAAAGTGCCA
3225468928,4192,False,-1,0,GTACCCTGGACA
3225419776,4224,False,-1,0,TTGAGGAAGCTA
827854995456,4256,False,-1,0,AAATCTGCATTT
551915880448,4288,False,-1,0,ACCTAATGCTAA
824633770176,4320,False,-1,0,TATCCTGGAATT
16576,4352,False,-1,0,GCTGAAGAGACA
12582912,4384,False,-1,0,CATGGATGTTAG
49152,4416,False,-1,0,AACGTAAGTATA
826785448128,4448,False,-1,0,GGCATCGTTGAC
1086373888,4480,False,-1,0,TTATACTAGTAA
3221225600,4512,False,-1,0,TTACGAAGCTGA
2160066560,4544,False,-1,0,GTCACAATGCCA
2151694336,4576,False,-1,0,TTTTAATCTTGA
278107570176,4608,False,-1,0,GTTCTCTTAAAG
552989671424,4640,False,-1,0,TCATCACCAGAT
552977039488,4672,False,-1,0,ATACCTCACTTC
12632256,4704,False,-1,0,AGCACTTTGTAG
825720078336,4736,False,-1,0,TCTTACAGAGAT
826793836608,4768,False,-1,0,TACAGAGTTAGG
825707511936,4800,False,-1,0,GTGACAAAATTG
278103359680,4832,False,-1,0,CCCGTCGAGTTT
8405184,4864,False,-1,0,TTCACTTGACAA
3221274688,4896,False,-1,0,TGCGGGAGGTTA
4194304,4928,False,-1,0,ACTGTGGACAAC
824633720896,4960,False,-1,0,TGTGGATATGTC
2155888832,4992,False,-1,0,TTGGTCCAACAT
274877923328,5024,False,-1,0,ACAAAAATTAAA
825711706240,5056,False,-1,0,TAAGACTTTCTT
3229614144,5088,False,-1,0,CACTACGTAGTG
3233808384,5120,False,-1,0,ACTCTTGATGAG
274877906944,5152,False,-1,0,GTCTGCTTTAAA
552977055936,5184,False,-1,0,TTCCTCAAGTTG
2160115840,5216,False,-1,0,TGGGCTGATAAC
825720045568,5248,False,-1,0,TTTATTAGCACT
278107537600,5280,False,-1,0,TCAATGCACCAG
549768396992,5312,False,-1,0,AGAGCCCGTGCT
278107570176,5344,False,-1,0,TGCACTCATACT
552977039552,5376,False,-1,0,TTGGCGAGCTTG
274890539008,5408,False,-1,0,ACCCATCTTCTA
824646336512,5440,False,-1,0,TGCAAAGCGAGT
3221274752,5472,False,-1,0,ATTGTGGTCAGA
8388800,5504,False,-1,0,GTAGAAGCTGTG
824642158592,5536,False,-1,0,TTATGATAATCT
552985444352,5568,False,-1,0,CATGTGTGTGTG
550842171584,5600,False,-1,0,CTAGTACAACAA
826781204544,5632,False,-1,0,GTCTGCACCACC
827854946368,5664,False,-1,0,AAGGTACATTCT
826793787392,5696,False,-1,0,GGTAACTATCAG
550829604992,5728,False,-1,0,AACTGCTAAGGA
277037973568,5760,False,-1,0,GAGCTCACCTTA
552981233664,5792,False,-1,0,GGACCAGTGACT
49344,5824,False,-1,0,ATCTTACACTAC
552989638784,5856,False,-1,0,ATAAACTCGATG
551915880448,5888,False,-1,0,GAACCAAAATTG
826781253760,5920,False,-1,0,TAATGCTTACTA
4194432,5952,False,-1,0,TTGTACCAACTC
3221274624,5984,False,-1,0,TTTGATAATTTC
827854946304,6016,False,-1,0,AAAATTTGCTGA
278103326720,6048,False,-1,0,GCTTCACAAAGC
274886328320,6080,False,-1,0,GTCACATTCTTC
274877956224,6112,False,-1,0,AGTGGCTATTGA
552989671616,6144,False,-1,0,GTTTCAAGAAAG
278103359552,6176,False,-1,0,CCAATTGTTTGG
275951698112,6208,False,-1,0,CAAGACAACGTT
552977055744,6240,False,-1,0,TACGTTGTCTTT
824646336704,6272,False,-1,0,ACTTCAAATTCA
2147532992,6304,False,-1,0,AGACACACAAGG
275960037376,6336,False,-1,0,AAAGTCAACAAC
8421568,6368,False,-1,0,GAAAATCCTACC
49280,6400,False,-1,0,GTGTGACGTGAA
8388800,6432,False,-1,0,ATGTCATACTTA
552989655040,6464,False,-1,0,AAAGTAACACAA
826781204480,6496,False,-1,0,TATGGCTGCTTA
278103343104,6528,False,-1,0,CCATTAAGAAAC
3225436288,6560,False,-1,0,TTAGGTTTAAAA
826785431552,6592,False,-1,0,TGCTGCAATTAA
824646352896,6624,False,-1,0,TTTTGGCTTATG
1086357504,6656,False,-1,0,GCAGCAATTACA
827854995456,6688,False,-1,0,ATTAGCACAACG
274890489984,6720,False,-1,0,CTTATGTGTTTA
1086324928,6752,False,-1,0,ACTTTTACTAAA
824646352896,6784,False,-1,0,AGCTTCACTACC
827867562112,6816,False,-1,0,GTGTTAAGAGTG
827863351296,6848,False,-1,0,GCCGGCATTAAT
274882134080,6880,False,-1,0,TTCTAAATTGTT
825715867648,6912,False,-1,0,TGTTGTTAAGTA
552989638848,6944,False,-1,0,TGTGTAACTGCT
827854995584,6976,False,-1,0,TAATTTTGGTGC
3233824832,7008,False,-1,0,TTAGAGAATTGT
826781253824,7040,False,-1,0,ACTACTATGGAT
824642109632,7072,False,-1,0,TTGCAGCATTTG
278107537600,7104,False,-1,0,TTGATTCTTATC
824642142400,7136,False,-1,0,GTGACGATTTCA
551903330496,7168,False,-1,0,AATTTTAGGTCT
824646353088,7200,False,-1,0,CATATATGTTGT
552985460928,7232,False,-1,0,TTAGGTCTTTCA
825720061952,7264,False,-1,0,TGGCTATTTTGC
552977072320,7296,False,-1,0,CTTGGCTCATGT
550829588608,7328,False,-1,0,CAAATGGCACCC
827867545600,7360,False,-1,0,GTACATCTTCTT
827854946496,7392,False,-1,0,GGAAGAGCTATG
827863384064,7424,False,-1,0,ACCTCTTCGACT
2147532800,7456,False,-1,0,CAATCGTGCCAC
826793836736,7488,False,-1,0,TTGTTAATGGCA
551907540992,7520,False,-1,0,TATGCAAATGGA
825707511808,7552,False,-1,0,TCACAATTGGAA
549755846848,7584,False,-1,0,TTTGCACTGGTA
825711706112,7616,False,-1,0,GTTGCTCGTGAT
826781204672,7648,False,-1,0,ACCAATCAACCC
827854946368,7680,False,-1,0,TTGTTGATAGTG
824642142208,7712,False,-1,0,CTTCACCTCTAC
1086341312,7744,False,-1,0,GACCTATGAGAG
2155872320,7776,False,-1,0,TCAATTTAGACA
278111715520,7808,False,-1,0,AAAGGTTCACTG
278099165312,7840,False,-1,0,TGATGGCAAGTC
277038006400,7872,False,-1,0,CTAAGTCTGCTT
3229646848,7904,False,-1,0,ATGTGCCAACCT
277025439872,7936,False,-1,0,TCTTGTATCAGA
827863334976,7968,False,-1,0,TTTCCGTTAAGA
3233824960,8000,False,-1,0,ACCTTTTCAGCA
2151678016,8032,False,-1,0,AAAACTTAAGGC
3229663424,8064,False,-1,0,GCGAGTTAGCAA
827854979200,8096,False,-1,0,GTCCTTTCTACA
826793803776,8128,False,-1,0,AGGTGTTGTTGA
550833766592,8160,False,-1,0,ATGTTATTGAAT
550842138752,8192,False,-1,0,TCTGACTTAGAA
278099165312,8224,False,-1,0,CAATTTCATGCT
552985444544,8256,False,-1,0,ACATGACGCCCA
4227072,8288,False,-1,0,GACTGTAATGCA
277029601472,8320,False,-1,0,AGCAAAAAGTCA
2160082944,8352,False,-1,0,ATGTAAAAGACT
2160099328,8384,False,-1,0,CTGCGTAAACAA
824646353024,8416,False,-1,0,GAACAACATACC
825715900608,8448,False,-1,0,CAACTAGACAGG
2160066752,8480,False,-1,0,AAAATCTCACTC
12615680,8512,False,-1,0,TACTTGTTTTAA
827867578560,8544,False,-1,0,TATTGTGCGTTC
549755863232,8576,False,-1,0,ATCGTTATGCCA
2160115904,8608,False,-1,0,TGATGGTTACAC
3221258304,8640,False,-1,0,AAGCCATTCAGG
551915880448,8672,False,-1,0,ATTTCTACTGAT
278111731776,8704,False,-1,0,TGCTGGTTTTGA
3221258304,8736,False,-1,0,GTGGTTCATACA
3221258432,8768,False,-1,0,GTAGTAGCTGCT
827859189888,8800,False,-1,0,TTTCATAGTGCC
3233857728,8832,False,-1,0,TGAGAGCAATCA
826793820160,8864,False,-1,0,CTACCTCGTGTT
824646353088,8896,False,-1,0,TTGCTACACACC
278111764672,8928,False,-1,0,GTGATTTTGCTA
3229647040,8960,False,-1,0,GCTGAGTGTACA
3221241856,8992,False,-1,0,CAAACCTGTGCC
278111748224,9024,False,-1,0,TGCTAGAGGGTT
274886295552,9056,False,-1,0,CGTCCAGACACT
550829604928,9088,False,-1,0,TTCCATCATACA
549755830464,9120,False,-1,0,AGGGTTCTGTTA
12632064,9152,False,-1,0,GCTGAGTACTGT
827867578368,9184,False,-1,0,GTCAGAAGTAGG
827863334976,9216,False,-1,0,GTAGATGGGTTC
552989655040,9248,False,-1,0,GCTCTATCAGGA
12632128,9280,False,-1,0,GATGAATCTCAT
827867529344,9312,False,-1,0,TTGTGCAACCTG
551915880512,9344,False,-1,0,GCTTCAGTAGTG
826781220864,9376,False,-1,0,ATTGGTGACTTG
827863334976,9408,False,-1,0,AATTCAGACGTG
1086374080,9440,False,-1,0,GTTGTTGCTGCT
3233808512,9472,False,-1,0,GTCTTTCACTAT
274890506304,9504,False,-1,0,ACAGCTTTCTGC
3233808384,9536,False,-1,0,TACTTGTACTTG
550842138816,9568,False,-1,0,TGTTTCATTCTT
278103376000,9600,False,-1,0,CCATGTTTTCTC
552989671616,9632,False,-1,0,ACAGCAATCTAT
552977055808,9664,False,-1,0,GCACTGCCATTG
827863384064,9696,False,-1,0,GGAAAAGAGTCA
550842187840,9728,False,-1,0,AGTACCTTCGAG
549755814080,9760,False,-1,0,TTTGCTCAACAA
826785415296,9792,False,-1,0,GTAGCGAGACAC
552989622272,9824,False,-1,0,AACAGGTATCTT
3221274624,9856,False,-1,0,GTATTTCAGTGG
275955892224,9888,False,-1,0,ATCGTGAAGCAG
826785431616,9920,False,-1,0,GCTCTAAATGAC
1073741824,9952,False,-1,0,TGTTCTCTACCA
826789642368,9984,False,-1,0,CTTCTGCTGTTC
826781237376,10016,False,-1,0,ATGGCATTCCCG
3229663232,10048,False,-1,0,CATGGTACAAGT
551911702528,10080,False,-1,0,TTAATGGATTGT
552981266432,10112,False,-1,0,TGTCCAAGACAT
827854995520,10144,False,-1,0,CATGCTTAATCC
3233857728,10176,False,-1,0,TTCGCAAATCCA
278111715456,10208,False,-1,0,GCTGGCAATGTT
825720078336,10240,False,-1,0,TTCTATGCAAAA
3221241984,10272,False,-1,0,TTGATACTTCTA
12599360,10304,False,-1,0,AAATTTGTCCGT
3221274688,10336,False,-1,0,TTCAGTTCTAGC
3221258432,10368,False,-1,0,CTGGTGTTTATC
550833750144,10400,False,-1,0,CATACCATTAAA
827854995648,10432,False,-1,0,ATGTGGTAGTGT
825707462848,10464,False,-1,0,ATTGCGTGTCTT
552981266496,10496,False,-1,0,GAGCTTCCAACA
3229614208,10528,False,-1,0,CTTAGAAGGTAA
277033811968,10560,False,-1,0,ACAGACAAACTG
824646336640,10592,False,-1,0,ACAACCATAACA
824642158784,10624,False,-1,0,GTATGCTGCTGT
825707512000,10656,False,-1,0,TTCTTAATAGAT
552985427968,10688,False,-1,0,TTTAACCTTGTG
1086341312,10720,False,-1,0,ACCTTTGACACA
274886344768,10752,False,-1,0,GACCTCTTTCTG
550837977280,10784,False,-1,0,TTAGATATGTGT
551911735360,10816,False,-1,0,GCAGAATGGTAT
824642158592,10848,False,-1,0,GTAGCACTATTT
4227264,10880,False,-1,0,TTTGATGTTGTT
549755863040,10912,False,-1,0,CTTCCAAGGTAA
551915896896,10944,False,-1,0,GCACTCATCATT
3233808448,10976,False,-1,0,ACATCACTATTG
827867545600,11008,False,-1,0,GTGGTCACTGTT
827863384192,11040,False,-1,0,CTTTCTTGCCAT
552985460736,11072,False,-1,0,ATTGCTGCATGT
278111764672,11104,False,-1,0,TAAGCACGCATT
278111764672,11136,False,-1,0,CTTCTCTTGCAA
551911686272,11168,False,-1,0,GTCTACATGCCT
827859156992,11200,False,-1,0,CATGACATGGCT
552985460928,11232,False,-1,0,TGTCTGGTTATA
827863335104,11264,False,-1,0,TATGCTTCAGCT
827854995584,11296,False,-1,0,GACAGCTCGCAC
277025439936,11328,False,-1,0,GACGTGTTTGGA
549768396864,11360,False,-1,0,CTTGTTTACAAA
824642125952,11392,False,-1,0,AGATCAAGCTAT
275964264512,11424,False,-1,0,TTTCTGTAACCT
827867562176,11456,False,-1,0,ACGACTATCATG
827854946496,11488,False,-1,0,GTTTGTGTGTGT
1077968960,11520,False,-1,0,TTATTACTGGCA
827859189888,11552,False,-1,0,CTTGTTTATTGT
278107521024,11584,False,-1,0,CTGCTACTTTGG
827863384256,11616,False,-1,0,GTTACTTCAGGC
0,11648,False,-1,0,TACTTGGTCTCT
552981282816,11680,False,-1,0,GAACTCCCAGGG
826781253760,11712,False,-1,0,GTATTGATGCTT
549755813888,11744,False,-1,0,TTGGGTATTGGA
549768446080,11776,False,-1,0,TGCTACTGTACA
824637931712,11808,False,-1,0,AGTGCACATCTG
549755863040,11840,False,-1,0,CAACAACTTAGA
825720062080,11872,False,-1,0,GTGGGCACAATG
1073742016,11904,False,-1,0,TTCTTCTTGCAA
827863367872,11936,False,-1,0,GAGAAGATGGTT
826781253632,11968,False,-1,0,ATCCATGCAGGG
825707495616,12000,False,-1,0,TGTGCGAGGAAA
550829555776,12032,False,-1,0,CTTCAGGCTATT
278103375936,12064,False,-1,0,ACCATCATATGC
3229614272,12096,False,-1,0,AGGCCTATGAGC
274886295552,12128,False,-1,0,TCTGAAGTCGTT
827854995520,12160,False,-1,0,TTTGAATGTGGC
1086324864,12192,False,-1,0,ATGCTGCCATGC
1073790976,12224,False,-1,0,GCAGATCAGGCT
549764202624,12256,False,-1,0,GGCAAGATCTGA
4243648,12288,False,-1,0,CTAGTGCTATGC
549768413184,12320,False,-1,0,CTTAGGAAGCTT
825707511936,12352,False,-1,0,CATTATCAACAA
824633737216,12384,False,-1,0,CACTCAACATCA
552989671552,12416,False,-1,0,AAACTCATGGTT
826789609664,12448,False,-1,0,CTACAAGAACAC
275960086656,12480,False,-1,0,CATATGCATCTG
551911718912,12512,False,-1,0,GTTGTTGATGCG
277025390592,12544,False,-1,0,TAGTGAAATTAA
827854962688,12576,False,-1,0,TGGCTTGGCCTC
549755813888,12608,False,-1,0,GCCAACTCAGCT
1082163392,12640,False,-1,0,ACTGAGTCCAGT
274877923520,12672,False,-1,0,GTGCGGCTGGTA
275955843072,12704,False,-1,0,GATGACAATGCA
551915880512,12736,False,-1,0,GAAGGGAGGTAG
1086341120,12768,False,-1,0,CAGACCACCAAG
550842138624,12800,False,-1,0,CCTAAGAGTGAT
3229663232,12832,False,-1,0,AGAACTGGAACC
552985428032,12864,False,-1,0,ACACACCAAAAG
552981250048,12896,False,-1,0,TACTTCATCAAA
549768445952,12928,False,-1,0,AGGTATGGTGCT
274886311936,12960,False,-1,0,TACGTCTTCAGG
3233857664,12992,False,-1,0,CCTGCCAATTCA
277025390592,13024,False,-1,0,TTTTGCAGTAGA
549760024640,13056,False,-1,0,ATTACCTAGCAA
3233824832,13088,False,-1,0,AACTGTGTGAAG
12583040,13120,False,-1,0,TACAGGACAGGC
2160099520,13152,False,-1,0,CTAACATGGACC
826781221056,13184,False,-1,0,TCATGTTGTCTG
826793836736,13216,False,-1,0,CCATCCAAATCC
824637931712,13248,False,-1,0,AAGGTAAGTACG
551915896960,13280,False,-1,0,GCTAATGACCCA
278107553792,13312,False,-1,0,CACAGTCTGTAC
552981282880,13344,False,-1,0,GTTATGGCTGTA
825720094784,13376,False,-1,0,CCCTTGATGCAG
826781237312,13408,False,-1,0,TTTAAACGGGTT
274886344704,13440,False,-1,0,TCTTACACCGTG
552985477184,13472,False,-1,0,ATGTCGTCTACA
552977088704,13504,False,-1,0,GAAAAAGTTGCT
827854979200,13536,False,-1,0,AACTAATTGCTG
824646303936,13568,False,-1,0,AGGAAGGCAATT
3233857536,13600,False,-1,0,GTTAAGAGGCAT
824646353024,13632,False,-1,0,TGAAGAGACTAT
275960086592,13664,False,-1,0,GTCCAGCGGTTG
549764218880,13696,False,-1,0,TTTAGAGTAGAT
824633737216,13728,False,-1,0,ATCACGTCAGCG
3225419968,13760,False,-1,0,CTGATTTAGTCT
550829588672,13792,False,-1,0,GAGGGTAATTGT
827854995648,13824,False,-1,0,CGTCACATACAA
2155921408,13856,False,-1,0,TCAATAAGAAGG
826781237248,13888,False,-1,0,AATCCTGACATC
1077936128,13920,False,-1,0,AGGTGAGCGTGT
552977072320,13952,False,-1,0,CTGTACAATTCT
552977072128,13984,False,-1,0,GGCATTGTAGGC
552977088640,14016,False,-1,0,GGATCTTAATGG
824642142208,14048,False,-1,0,ATTTCGTACAAG
824637964480,14080,False,-1,0,CCTATTGTGGAT
824642109568,14112,False,-1,0,GCCCATCCTCAC
827863384064,14144,False,-1,0,CTGAGTCCCATA
824642109440,14176,False,-1,0,CCACTTATTAAG
550837960832,14208,False,-1,0,TTTTACGGAAGA
2151694400,14240,False,-1,0,GTTATTTTAAAT
2155905152,14272,False,-1,0,CCCAATTGTATT
824646353088,14304,False,-1,0,TATCCTTCATTG
824633753792,14336,False,-1,0,TTTCTACTGTGT
3233841280,14368,False,-1,0,CCACTAGTAAGA
824642126016,14400,False,-1,0,TCCTTTTGTTGT
824633721024,14432,False,-1,0,GTGAGTTAGGAG
826785447936,14464,False,-1,0,AACTTACATAGC
826781204480,14496,False,-1,0,ACTTTTAGTGTA
552989671616,14528,False,-1,0,ATGCAGCTTCTG
825707495616,14560,False,-1,0,CGCACTACATGC
825711673408,14592,False,-1,0,AAACAATGTTGC
1086324928,14624,False,-1,0,GTAATTTTAATA
827863367808,14656,False,-1,0,GTGTCTAAAGGT
3233857600,14688,False,-1,0,TGTTGAACTAAA
275960037440,14720,False,-1,0,ATGGCAACGCTG
275951697920,14752,False,-1,0,TATCGTTATAAT
2160066688,14784,False,-1,0,CAGACAACTCCT
3229646912,14816,False,-1,0,ATAAATACTTTG
278103326720,14848,False,-1,0,ATTAATGCCAAC
827859189760,14880,False,-1,0,GGATAAATCAGC
552989622272,14912,False,-1,0,GGGGTAAGGCTA
274877956160,14944,False,-1,0,AGTTATGAGGAT
824637964288,14976,False,-1,0,TACTAAGCGTAA
3221258240,15008,False,-1,0,AAATGAATCTTA
3233841216,15040,False,-1,0,AATAGAGCTCGC
549764235328,15072,False,-1,0,CTGTAGTACTAT
8405184,15104,False,-1,0,AGAAATTATTGA
552977039360,15136,False,-1,0,GGAGCTACTGTG
549768396800,15168,False,-1,0,TTACGGTGGCTG
824637915328,15200,False,-1,0,TTTACAGTGATG
274890489920,15232,False,-1,0,GGTTGGGATTAT
824646320192,15264,False,-1,0,GCCTAACATGCT
3221258432,15296,False,-1,0,TTCTTGCTCGCA
824642142208,15328,False,-1,0,TTATCACACCGT
32768,15360,False,-1,0,GTGTGCGCAAGT
827854962880,15392,False,-1,0,GTGGCGGCTCAC
550829588480,15424,False,-1,0,ACATCATCCGGT
824642109568,15456,False,-1,0,TAATAGTGTCTT
4210880,15488,False,-1,0,CAGCCAATGTAA
549764235392,15520,False,-1,0,GGTAATAAGATA
552977088704,15552,False,-1,0,TCTACAACACAG
827863384192,15584,False,-1,0,GAAATAGGGATG
827867545792,15616,False,-1,0,GAGTTTTACGCT
826781220992,15648,False,-1,0,CATGATGATTCT
3229614272,15680,False,-1,0,GCTATAACAGTA
12615872,15712,False,-1,0,GTAGCTAGCATT
826793820288,15744,False,-1,0,TTATTATCAAAA
277033828544,15776,False,-1,0,CAAAATGTTGGA
826781220928,15808,False,-1,0,GGACCTCACGAA
2147500224,15840,False,-1,0,GCTAGTTAAACA
49152,15872,False,-1,0,TGCCTTACCCAG
549768429568,15904,False,-1,0,GCAGGCTGTTTT
824633753728,15936,False,-1,0,AGATGGTACACT
3225468928,15968,False,-1,0,CACTGGCTATTG
549768429760,16000,False,-1,0,CATCCTAATCAG
8421440,16032,False,-1,0,CTTGTATTTACA
550842138752,16064,False,-1,0,ATGAGCTTACTG
12582976,16096,False,-1,0,TCCGTAATGCTA
827854979072,16128,False,-1,0,GTACTGGGAACC
275955859456,16160,False,-1,0,ACACACCACATA
824633720896,16192,False,-1,0,GCTTGTGTATTG
274886295744,16224,False,-1,0,TCGTTGCGGTGC
550837944384,16256,False,-1,0,TATGTTGCAAGT
3229663424,16288,False,-1,0,TCAACATCACAC
277029634176,16320,False,-1,0,TCCCTATGTTTG
274890539008,16352,False,-1,0,TCACTGATGTGA
824633720896,16384,False,-1,0,ATGAGCTATTAT
3225468992,16416,False,-1,0,CATTAGTTTTCC
32768,16448,False,-1,0,TTTTTGGTTTAT
4227264,16480,False,-1,0,AGTGACAATGTC
549760024768,16512,False,-1,0,AACATGTGATTG
278107553856,16544,False,-1,0,TACTTGCCAACA
550833782848,16576,False,-1,0,CTTTTCGCAGCA
552977088640,16608,False,-1,0,GGAAACATTTAA
825715884032,16640,False,-1,0,CTGTACGCGAAG
552977055872,16672,False,-1,0,CATCTTTCATGG
3233857664,16704,False,-1,0,ACCATTGAACAG
3221274752,16736,False,-1,0,ACCGTGTAACTA
824633753600,16768,False,-1,0,GGAGAGTACACC
549764251648,16800,False,-1,0,TGATGCTGTTGT
827867578496,16832,False,-1,0,ACAAGTTGAATG
552977039424,16864,False,-1,0,ACATCTCACACT
2147532800,16896,False,-1,0,TACTCTAGTGCC
4194368,16928,False,-1,0,TTACTGGCTTGT
12582912,16960,False,-1,0,GATGAGTTTTCT
549755863104,16992,False,-1,0,AAAGGTCGGCAT
552977072320,17024,False,-1,0,AAGGACCACCTG
552989638720,17056,False,-1,0,GCCATCGGACTT
826789642368,17088,False,-1,0,TCGCATAGTGTA
827854962688,17120,False,-1,0,CTGTTGATGCCC
549768396992,17152,False,-1,0,TATTTGCCCATA
551903346816,17184,False,-1,0,ACCTGCGCGTGC
4194432,17216,False,-1,0,AATTCAAAGTGA
549755830272,17248,False,-1,0,GTTTTCTGCACT
826793836544,17280,False,-1,0,AACTGCTGACAT
3233841344,17312,False,-1,0,CTATGGCTACTA
275951698112,17344,False,-1,0,AATGCTAGACTT
825720045632,17376,False,-1,0,TATTGGCGATCC
274877956096,17408,False,-1,0,GCACATTGCTGA
827859157184,17440,False,-1,0,GAATATTTTAAT
12632064,17472,False,-1,0,AACAATAGGTCC
278099181632,17504,False,-1,0,GTCGCCGTTGTC
549760008384,17536,False,-1,0,GTGAGTGCTTTA
827859140800,17568,False,-1,0,AGCACACAAGGA
3221242048,17600,False,-1,0,AAATGTTCTACA
16576,17632,False,-1,0,GTTTCATCTGCA
1077952576,17664,False,-1,0,CGTTGTAAGAGA
278099148992,17696,False,-1,0,CTTGGAGAAAAG
552989622464,17728,False,-1,0,AATTCACAGAAC
549768446144,17760,False,-1,0,AGGATTGCCTAC
1082179648,17792,False,-1,0,AGGGTTCTGAAT
1077985280,17824,False,-1,0,CAAACTACTGAA
826793787520,17856,False,-1,0,CAACCGCTTCAA
825707479232,17888,False,-1,0,AAATTGGCATTT
3221225600,17920,False,-1,0,GATCTTTATGAC
824646353088,17952,False,-1,0,AGAAATACCACG
827859189888,17984,False,-1,0,AAGCAGAAAATG
1086341184,18016,False,-1,0,TGTAGTAAGATC
1082179584,18048,False,-1,0,ACAGGCACCTAC
12632128,18080,False,-1,0,AGTTCAAGACTG
8437888,18112,False,-1,0,CCAGGCATACCA
551915880448,18144,False,-1,0,ACTCATCTCTAT
550829605056,18176,False,-1,0,ACCAAGTCAATG
552989655168,18208,False,-1,0,ACCCGCGAAGAA
826781220928,18240,False,-1,0,GTGGATTGGCTT
277025390592,18272,False,-1,0,CAACTAGAGATG
825707495424,18304,False,-1,0,CTCCAGCTAGGA
551903346688,18336,False,-1,0,AGTAGCTGTACC
1073791168,18368,False,-1,0,AAAATAACACAG
549764202496,18400,False,-1,0,AAACCTCCACCA
549764235456,18432,False,-1,0,TATACCACTCAT
826789593216,18464,False,-1,0,ATGTAGTGCGTA
2155905152,18496,False,-1,0,AGTGATACACTG
826781220992,18528,False,-1,0,CGTGTTCGTCCT
1082130624,18560,False,-1,0,TTACATCAATGA
826789625856,18592,False,-1,0,CCTGAAAGAACG
824637915136,18624,False,-1,0,TGCAACTTGCTT
3229647040,18656,False,-1,0,ATGCCTGCTGGA
278107553984,18688,False,-1,0,TATGTCTATAAC
826781253632,18720,False,-1,0,GCAGTGGGGCTT
1082130432,18752,False,-1,0,ACCATGACCAAC
2160066752,18784,False,-1,0,GCACATGTGGCT
1073758336,18816,False,-1,0,TAGATGTTTAGC
552985428160,18848,False,-1,0,AGCGCGTTGATT
277038022720,18880,False,-1,0,ATAGGAGATGAA
12615872,18912,False,-1,0,CAGAAAAGTACA
2151727296,18944,False,-1,0,CATTGCTTGCTG
274890489984,18976,False,-1,0,GACATTGGAAAT
2155905216,19008,False,-1,0,GCCTCAGGCTGA
552977055808,19040,False,-1,0,ATGCTCAGCCAT
824646336576,19072,False,-1,0,ATAGAGGAACTC
277033828544,19104,False,-1,0,TCACGATAAATT
3225419776,19136,False,-1,0,TTTGGAATTGTA
826793787520,19168,False,-1,0,AATGCAATTGTG
552981250176,19200,False,-1,0,CTTGTCAAACTT
2147483648,19232,False,-1,0,GTGGTAGTTTGT
824633753792,19264,False,-1,0,CACACTCCAGCT
1086374080,19296,False,-1,0,TAATTTAAAGCA
551907524608,19328,False,-1,0,CTGATAGTCCTT
12599488,19360,False,-1,0,GTAGTGTCGGAT
824642126016,19392,False,-1,0,ATCTGCTACGTG
549760024768,19424,False,-1,0,GTGGTGCTGTTT
824633721024,19456,False,-1,0,TACCGACAGTAC
12615872,19488,False,-1,0,GATTTCTGCTGG
278103359680,19520,False,-1,0,AACAATTTGATA
277025390784,19552,False,-1,0,TTTACCAGGTTA
824642125952,19584,False,-1,0,TTATAATGTTGT
8405056,19616,False,-1,0,GACACGCCGGCG
825715884160,19648,False,-1,0,AATAATGCTGTT
277025423360,19680,False,-1,0,TGATGTGGAGAT
824642158720,19712,False,-1,0,TTCCTGTTAATG
1082163392,19744,False,-1,0,AAGCGTAACATT
826793836672,19776,False,-1,0,GATACTCAATAA
826793787392,19808,False,-1,0,CTAATACTGTAA
550829588672,19840,False,-1,0,GCCCCAGCACAT
277025390592,19872,False,-1,0,CACAATGACTGA
274877956224,19904,False,-1,0,AGAGTGCTTGTT
551911719104,19936,False,-1,0,GATGGTAGAGTG
826793787392,19968,False,-1,0,TAGAAACGCCCG
3221241856,20000,False,-1,0,AAGGTTCAGTCA
551907524800,20032,False,-1,0,GGACCAGCACAA
2147483840,20064,False,-1,0,ATTAATTGGAGA
8437952,20096,False,-1,0,ACTACTTTAAGA
12599424,20128,False,-1,0,CAGTTGCCTGAA
824637915200,20160,False,-1,0,AGACTTAGAGGA
825711673472,20192,False,-1,0,TGGAAACTGACT
274886328448,20224,False,-1,0,GAATTCATACAG
277025390784,20256,False,-1,0,TGCCTTCGAACA
825711656960,20288,False,-1,0,GTCATGGACAAC
2147516480,20320,False,-1,0,ATAGGCTTAGCC
552989671552,20352,False,-1,0,ACTTAAATTAGA
1073758400,20384,False,-1,0,GCACAGTGAAAA
824646352960,20416,False,-1,0,CAAACAGGTTCA
2147532928,20448,False,-1,0,GATTGATCTTTT
3233857728,20480,False,-1,0,TAATAAAGTCAC
550842187840,20512,False,-1,0,AAAGTGGTCAAG
552985460864,20544,False,-1,0,AATTTCATTCAT
825707511808,20576,False,-1,0,ATGTTGAAACCT
275964264640,20608,False,-1,0,AGTCAAGCGTGG
550837977152,20640,False,-1,0,TAACTTGTACAA
826793820160,20672,False,-1,0,AAAAGTGTGACC
2147483648,20704,False,-1,0,GCTGTTATACCA
825715851456,20736,False,-1,0,CGCAAAGTATAC
827859140672,20768,False,-1,0,ATACACTTACTT
826793836544,20800,False,-1,0,AGAGTTATTCAC
4227072,20832,False,-1,0,AGGAGTTGCACC
275955892288,20864,False,-1,0,AATGGTTGCCAA
552981266496,20896,False,-1,0,TCAGATCTTAAT
826789593216,20928,False,-1,0,TTCTACTTTAAT
2151727296,20960,False,-1,0,ATACGGCTAATA
277029601472,20992,False,-1,0,GATATGTATGAC
274877939904,21024,False,-1,0,AAAAGAGAATGA
552977039360,21056,False,-1,0,CTTATCTGTGTG
827867529408,21088,False,-1,0,GCCCTGGGTGGT
551903346688,21120,False,-1,0,AGAGCATTCTTG
824646320320,21152,False,-1,0,TTATGGGCCATT
1073790976,21184,False,-1,0,GTTACAAATGTA
549755863040,21216,False,-1,0,ATTTTTAATTGG
827867545728,21248,False,-1,0,CGAAGGAACAAA
826789593088,21280,False,-1,0,GCTAACTACATT
827859157120,21312,False,-1,0,TATCCAGTTGTC
278111748096,21344,False,-1,0,TGAGCAAATTTC
274886312128,21376,False,-1,0,GCTGTAATGTCT
825720045696,21408,False,-1,0,TGATATGATTTA
549755846848,21440,False,-1,0,GGCTTATCATTA
3233808384,21472,False,-1,0,GTTTCAAGTGAT
827867578368,21504,False,-1,0,GAACATGTTTAT
550837977152,21536,False,-1,0,TCACTAGTGGTA
549768396800,21568,False,-1,0,ACTTTTGATGAT
8421568,21600,False,-1,0,TCAACATACTTC
827867529408,21632,False,-1,0,ATCCTGATGAAA
552989638848,21664,False,-1,0,TATTTAACTCAG
3221274624,21696,False,-1,0,TTCTAATGTTAC
3221242048,21728,False,-1,0,ATACGTTTGGCA
825711689728,21760,False,-1,0,GATGGTATTTAT
827867578560,21792,False,-1,0,AAATGTTGTCCG
12632256,21824,False,-1,0,CCATGAACAACA
12583040,21856,False,-1,0,ATTAACAATTCT
3221242048,21888,False,-1,0,ATGTAACTTTGA
1082146944,21920,False,-1,0,TTGCTGTTTCTA
824646352896,21952,False,-1,0,CATACTATGATA
278099148992,21984,False,-1,0,CACTTTCGAGTA
2155872448,22016,False,-1,0,TTGATGTTTCAG
827867529216,22048,False,-1,0,CACTTACGAGAG
827854962752,22080,False,-1,0,TGGGTTTCTCTA
827859157184,22112,False,-1,0,CTATAGATGTAG
1086324928,22144,False,-1,0,TTTAACACTTTG
274877956224,22176,False,-1,0,TCTTGGTATTAA
824642109504,22208,False,-1,0,TTCTTACAGCCT
550833799360,22240,False,-1,0,TGGGGCACGTCA
12615680,22272,False,-1,0,CTATTTAAAGCC
549755814080,22304,False,-1,0,ATGATGAAAATG
1086357696,22336,False,-1,0,GATTGTTCTCAA
552977088512,22368,False,-1,0,ATGCTCTGTTAA
278111748288,22400,False,-1,0,GAATTTACCAGA
552977055744,22432,False,-1,0,CCCTCAGGAGAT
827863367872,22464,False,-1,0,TACAAACTTGTG
827863334912,22496,False,-1,0,ATGCTACTAAAT
1086357568,22528,False,-1,0,GAGAGAAAAAAA
274882101440,22560,False,-1,0,TTACTCTGTGCT
552985444416,22592,False,-1,0,CAACCTTTAAGT
277029585088,22624,False,-1,0,AAGTTGAATGAT
826781204608,22656,False,-1,0,TGCAGATTCTTT
274882117824,22688,False,-1,0,TAAGACAAATAG
16384,22720,False,-1,0,ATTGCTGATTAT
825711689728,22752,False,-1,0,TTTCATGGGTTG
278099165376,22784,False,-1,0,GGAACATTGATG
12599424,22816,False,-1,0,AATTATAAATAT
824633720832,22848,False,-1,0,GCTTAGGCCCTT
278099148864,22880,False,-1,0,TGCCTTTCTCCC
2160083136,22912,False,-1,0,CCACCTGCTCTT
824637964288,22944,False,-1,0,TGATTATGGTTT
8437952,22976,False,-1,0,GCTACCAACCTT
1082130624,23008,False,-1,0,TTTGAACTTTTA
49152,23040,False,-1,0,TGGACCAAAATT
3233808384,23072,False,-1,0,ACCAGTGTGTCA
552989671488,23104,False,-1,0,ACTGGTACTGGT
1073791040,23136,False,-1,0,GAGATTTCAACC
827867578368,23168,False,-1,0,ATGTTTCTGATT
552977039424,23200,False,-1,0,CCTAAAACATCT
551911686144,23232,False,-1,0,TTGCTCTTTTGG
274886344896,23264,False,-1,0,CTGGAACAAATG
549760041152,23296,False,-1,0,CTATATCAAGAT
826781220928,23328,False,-1,0,TACAGCAATTCA
3229614272,23360,False,-1,0,CTTGGCGCATAT
551915880576,23392,False,-1,0,TTCCAGACTCAA
278099165312,23424,False,-1,0,TGAGCATGTCGA
275964248256,23456,False,-1,0,TTCCTATTGGAG
827867529344,23488,False,-1,0,CATACAGTTTCT
552981266624,23520,False,-1,0,AAAATCTATTGT
278111731904,23552,False,-1,0,GTGCTGATAGTT
275955892416,23584,False,-1,0,ACCATTGCTATA
4243456,23616,False,-1,0,CATTACTACAGA
827854995520,23648,False,-1,0,CTAAAACCTCCG
12583104,23680,False,-1,0,TGCGGAGATTCT
827863334976,23712,False,-1,0,TCTCCAATATGG
278107537408,23744,False,-1,0,ATCGTGCACTCT
274886328320,23776,False,-1,0,GATCGCAACACA
274882150400,23808,False,-1,0,CAAACAAATGTA
827867529216,23840,False,-1,0,ATTTTGGTGGTT
1086324800,23872,False,-1,0,CCTGACCCTCTA
552977072128,23904,False,-1,0,TATTGAGGACTT
550829555904,23936,False,-1,0,TCGCTGATGCTG
552989622272,23968,False,-1,0,GAATGCCTAGGT
552977039360,24000,False,-1,0,CATTTGTGCGCA
825715851392,24032,False,-1,0,TGTTGCCACCTC
550829555840,24064,False,-1,0,GCTGCCTACACT
12632192,24096,False,-1,0,TGCCACTGCTGG
827863384064,24128,False,-1,0,CTGCTCTTCAAA
2160099392,24160,False,-1,0,GCATATAGGTTC
824633720832,24192,False,-1,0,AAATGTTCTCTA
2147516416,24224,False,-1,0,CCAACCAATTTA
1073741888,24256,False,-1,0,CAAGAATCACTT
2160082944,24288,False,-1,0,GGGCAAGCTGCA
8388608,24320,False,-1,0,CTCAAGCATTAA
550842138816,24352,False,-1,0,AGCTCTAATTTT
825720094848,24384,False,-1,0,AAATGATATCCT
3221274816,24416,False,-1,0,AGGCGGAGGTAC
3221274816,24448,False,-1,0,GGCAGACTTCAA
277029584896,24480,False,-1,0,ACAACAACTAAT
827854946432,24512,False,-1,0,CTTCTGCTAATC
549755814080,24544,False,-1,0,GAGTGTGTTCTT
552977088704,24576,False,-1,0,CTTTTGTGGAAA
277033828416,24608,False,-1,0,TCCCACAAGCAG
827854962688,24640,False,-1,0,CTACATGTCACG
1077985344,24672,False,-1,0,GAACTTCACCAC
1077936320,24704,False,-1,0,AAGGCAAAGCAT
550842187968,24736,False,-1,0,TTTGTGTTTAAT
278103326720,24768,False,-1,0,ACAGAGGAACTT
278111748288,24800,False,-1,0,CTACAGACAATA
552989622336,24832,False,-1,0,GATGTCGTTATT
550829605056,24864,False,-1,0,TTATGATCCTCT
825720094720,24896,False,-1,0,TCAAAGAAGAGC
552989655040,24928,False,-1,0,CATACATCACCA
278111731712,24960,False,-1,0,TTCAGGCATTAA
1073741888,24992,False,-1,0,AAAAAGAAATTG
550833782976,25024,False,-1,0,AAAAATTTAAAT
2147532800,25056,False,-1,0,AGAATTGGGAAA
826789642432,25088,False,-1,0,GGCCTTGGTATG
3229614272,25120,False,-1,0,GGACTAATTGCC
549764219072,25152,False,-1,0,GCTTTGTTGCAT
552985444416,25184,False,-1,0,TCAAGGGTGCAT
549768413376,25216,False,-1,0,AAGTTTGATGAG
1073741824,25248,False,-1,0,CAAGGGTGTCAA
549764251648,25280,False,-1,0,ACTTATGGATTT
274882150400,25312,False,-1,0,TTGGATCAATTA
275964264448,25344,False,-1,0,GACAATGCTTCT
1073758272,25376,False,-1,0,TACAGCAACGAT
827863384064,25408,False,-1,0,CTTTCGGATGGC
277037973696,25440,False,-1,0,CTTGCTGTTTTT
3221225536,25472,False,-1,0,TGCGCTCAATAA
1086324736,25504,False,-1,0,ATAAGGGCTTCC
3233824960,25536,False,-1,0,CTGCTATTTGTT
32960,25568,False,-1,0,GCTTGTCGCTGC
277038022656,25600,False,-1,0,TGTACCTCTATG
826793787520,25632,False,-1,0,TGCATCAACGCA
552977055744,25664,False,-1,0,TTGGCTTTGTTG
1086374080,25696,False,-1,0,CATTACTTTATG
4243648,25728,False,-1,0,TGGCACACACAT
277029634176,25760,False,-1,0,ATATAACAGTGT
552977055744,25792,False,-1,0,CTGAAGGTGACG
278111764544,25824,False,-1,0,AAAGAAGACTAC
2147500160,25856,False,-1,0,GGATAGGCACTC
1082179648,25888,False,-1,0,TTGTACATGGCT
12582912,25920,False,-1,0,CAGCTTGAGTCT
824646320320,25952,False,-1,0,TGGTATTGAAAA
1077936256,25984,False,-1,0,ACAAGCTTGTTA
551915913408,26016,False,-1,0,ATACACACAATC
550842187904,26048,False,-1,0,TAATCCAGCAAT
275955892224,26080,False,-1,0,CGACGACGACTA
824646352960,26112,False,-1,0,CAAGAAAGTGAG
2151678080,26144,False,-1,0,CGTTTCGGAAGA
827863384192,26176,False,-1,0,ATAGCGTACTTC
3225436224,26208,False,-1,0,TTCTTGCTAGTC
827863351296,26240,False,-1,0,GCTTCGATTGTG
824637931712,26272,False,-1,0,TTAACGTGAGTT
549768396864,26304,False,-1,0,GTCTACTCGCGT
825720061952,26336,False,-1,0,TGAAGGAGTTCC
824646352896,26368,False,-1,0,ACTAACTATTAT
826789593280,26400,False,-1,0,TAACATTGCTTA
552977055936,26432,False,-1,0,ATTACCGTTGAG
8405184,26464,False,-1,0,ACAATGGAACCT
824637964352,26496,False,-1,0,TAGCCTGGATTA
3229614272,26528,False,-1,0,TCTAATCGGAAC
275964264576,26560,False,-1,0,GCTTGTTTTCCT
826789609536,26592,False,-1,0,CACTTGCTTGTT
550833750080,26624,False,-1,0,AGAATTAATTGG
826789626048,26656,False,-1,0,TGCAATGGCTTG
827867562112,26688,False,-1,0,TTAGCTACTTCG
827863384064,26720,False,-1,0,GCTCGTACCCGC
825707495488,26752,False,-1,0,AGAAACAAACAT
825711706240,26784,False,-1,0,GGGGGACAATTG
2160066752,26816,False,-1,0,AGTGAACTTGTC
2155888704,26848,False,-1,0,TGGTCACTTGCG
826785415168,26880,False,-1,0,GGCGCTGTGACA
1073758272,26912,False,-1,0,ATCACTGTGGCT
3221274752,26944,False,-1,0,TTACAAATTAGG
827867529280,26976,False,-1,0,CTGATTCAGGTT
824633720832,27008,False,-1,0,CGTATTGGAAAC
274890539072,27040,False,-1,0,CGCCGGTAGCAA
274886312128,27072,False,-1,0,TACAGTAAGTGA
824637948096,27104,False,-1,0,TGACTTCCAGGT
552977088704,27136,False,-1,0,TTATCATTATGA
552977088704,27168,False,-1,0,TGGAATCTTGAC
825720094720,27200,False,-1,0,GAGACAATTATT
827863335104,27232,False,-1,0,ATTATTCGGAGT
274882117632,27264,False,-1,0,GAGTTAGATTAT
824633770176,27296,False,-1,0,TTATTCTCTTCC
824646336640,27328,False,-1,0,TCTTGCGAGCTA
825720045632,27360,False,-1,0,TAGAGGTACGAC
275960037376,27392,False,-1,0,GCCCATCAGGAA
549768446016,27424,False,-1,0,TTTCACCCTCTT
275964280960,27456,False,-1,0,AACTTGCACTAG
274877907072,27488,False,-1,0,GTGCTGACGGTA
550829572288,27520,False,-1,0,CGTGCAAGATCA
550829588672,27552,False,-1,0,CAGACAAGAGGA
827863351296,27584,False,-1,0,CGCCACTTTTTC
827859140736,27616,False,-1,0,TTTTTAATACTT
552989622272,27648,False,-1,0,GACAGAATGAAT
826793820352,27680,False,-1,0,CTATTTGTGCTT
827854995584,27712,False,-1,0,TTGTTTTAATAA
274877939776,27744,False,-1,0,TCACTCGAAATC
12582976,27776,False,-1,0,TACCAAAGTCTA
552981266624,27808,False,-1,0,TTGTTTTGACTT
549760041024,27840,False,-1,0,ATATGCACTGTA
551903346688,27872,False,-1,0,TAAACCTCATGT
549768396864,27904,False,-1,0,TACAACACTAGG
826781253696,27936,False,-1,0,TTGGCTTTGTGC
3229614080,27968,False,-1,0,TTCATAGATGGC
3225436160,28000,False,-1,0,ACACCTAATGTT
549760041152,28032,False,-1,0,AGCTGGTGGTGC
550829572096,28064,False,-1,0,ACCTTCATGAAG
552977039488,28096,False,-1,0,AGAGACGTACTT
278107537408,28128,False,-1,0,AAATTAAAATGT
550833750208,28160,False,-1,0,AACCAACGTAGT
824633770048,28192,False,-1,0,TGGACCCACAGA
2147500032,28224,False,-1,0,ATGGAGGACGCA
552981233728,28256,False,-1,0,CGCCGACCCCAA
1077969024,28288,False,-1,0,GTCTTGGTTCAC
550833782912,28320,False,-1,0,AGGAGGAACTTA
12599296,28352,False,-1,0,GTTCCAATCAAC
275960086592,28384,False,-1,0,CCAAATTGGCTA
550829604864,28416,False,-1,0,GAGTTCGTGGTG
824637964480,28448,False,-1,0,CTCAGCCCCAGA
3233824896,28480,False,-1,0,AACTGGCCCAGA
550842187776,28512,False,-1,0,CTAACAAAGAAG
1077968896,28544,False,-1,0,GAGGGAGCCTTG
824633770112,28576,False,-1,0,TGGCACCCGCAA
827863351296,28608,False,-1,0,CCGTGCTACAAC
825715851392,28640,False,-1,0,CCAAAAGGCTTC
278107537600,28672,False,-1,0,CGGCAGTCAAGC
16576,28704,False,-1,0,GTAGTCGCTGTA
549768429696,28736,False,-1,0,GGCAGCAGTAGG
826785415296,28768,False,-1,0,GGCTAGCGGAGG
192,28800,False,-1,0,TATTGCTGCTAG
549760024576,28832,False,-1,0,AGCAAAGTTTCT
274877956224,28864,False,-1,0,AGGCCAAACTGT
3225419968,28896,False,-1,0,AGGCATCTAAAA
824637931584,28928,False,-1,0,GCCACAAAACAG
826781220992,28960,False,-1,0,TGGGAGACGTGG
1073774592,28992,False,-1,0,ATTTCGGGGACC
277033779264,29024,False,-1,0,ACTGATTACAAA
827859157120,29056,False,-1,0,ATTTGCTCCAAG
551911702720,29088,False,-1,0,TGTCACGCATTG
12615872,29120,False,-1,0,GGAACATGGCTG
1073758336,29152,False,-1,0,ATTGGATGACAA
825711706176,29184,False,-1,0,ACGTCATACTGC
275951665152,29216,False,-1,0,TACAAAACATTC
64,29248,False,-1,0,GGACAAAAAGAA
549755813952,29280,False,-1,0,CTTTGCCGCAGA
275964231680,29312,False,-1,0,GTGACTCTTCTT
1073758208,29344,False,-1,0,TTTCTCCAGACA
4210688,29376,False,-1,0,GAGCTTCTGCTG
4243520,29408,False,-1,0,CTCATGATGACC
552985428160,29440,False,-1,0,GTAAACGTTTTC
549768446016,29472,False,-1,0,TAGTCTACTCTT
12632128,29504,False,-1,0,ACTAAACAGCAC
275951648960,29536,False,-1,0,AATCTCACATAG
2155888640,29568,False,-1,0,ACATTAGGGAGG
275960070272,29600,False,-1,0,TTTCATCGAGGC
3229646912,29632,False,-1,0,GTACAGTGAATA
278111715328,29664,False,-1,0,TATGGAAGAGCC
274886344896,29696,False,-1,0,TAGTAGTGCTAT
824633720832,29728,False,-1,0,TTCTTAGGAGAA
