274886344704,32,False,-1,0,TGTAGATCTGTT
275964281024,64,False,-1,0,CTGTGTAGCTGT
824633770176,96,False,-1,0,GCACCTACGCAG
128,128,False,-1,0,ACTGTCGTTGAC
278107570240,160,False,-1,0,CTCTTCTGCAGA
274890539200,192,False,-1,0,GTTGCAGTCGAT
274890489856,224,False,-1,0,GTCCGGGTGTGA
824633720896,256,False,-1,0,CCTTGTTCTTGG
827859140800,288,False,-1,0,TCCAACTCAGTT
277029617728,320,False,-1,0,GACGTGCTAGTG
2151727168,352,False,-1,0,GGAAGAGGCCCT
278103376000,384,False,-1,0,TCAAAAATGGCA
275960070144,416,False,-1,0,GAAAAAGGCGTA
825711706304,448,False,-1,0,CTATGTGTTCAT
550837993600,480,False,-1,0,GCACCAATCACG
551915929728,512,False,-1,0,GTTGCAGAAATG
2160083008,544,False,-1,0,TAGCGGTATAAC
274886295616,576,False,-1,0,ATGTGGGCGAAA
12583040,608,False,-1,0,GTTCTTCTTCGT
277038022656,640,False,-1,0,CGGTGGTCATAG
550833782976,672,False,-1,0,CTTATGACTTAG
824633769984,704,False,-1,0,CCCATTGAAGAT
826793836608,736,False,-1,0,TAAGCATGGCAG
8437952,768,False,-1,0,CTCGTGAGCTCA
3233824768,800,False,-1,0,TATGTCGACAAC
824633770048,832,False,-1,0,GTACCCTCTTGA
12599488,864,False,-1,0,CACGCGCGGGCA
827863335040,896,False,-1,0,GAACAACTTGAT
277025423488,928,False,-1,0,TGTCTACTGCTG
277037973632,960,False,-1,0,TTGCCTGGTTCA
1077936128,992,False,-1,0,TACGAGCACCAG
824646303872,1024,False,-1,0,TGCCAAGAAATT
827859140608,1056,False,-1,0,GCCCAAAGTTTG
275964264448,1088,False,-1,0,GTCAAAGTCATT
824642158656,1120,False,-1,0,AAAGACTGAGGG
824637915264,1152,False,-1,0,CTGTGTACCCTG
825711656960,1184,False,-1,0,AACAACATGCAC
826785431552,1216,False,-1,0,TAATCATTGCGA
1086324928,1248,False,-1,0,GCGACTTTCTGA
827867562048,1280,False,-1,0,GGCACTGAAAAT
275955892352,1312,False,-1,0,TACATGTGGGTA
552989622336,1344,False,-1,0,TGAAAATGCCAT
549768429568,1376,False,-1,0,GAGATTGGACCT
49216,1408,False,-1,0,TCACAACCACTC
552989671424,1440,False,-1,0,GCAAGGGAGGTA
827859189760,1472,False,-1,0,TGTGTGTTTGCC
550837993600,1504,False,-1,0,GCGTGCCTACTG
552985477312,1536,False,-1,0,ATATTGGCTCAG
3233841344,1568,False,-1,0,GACAATGTGGAG
826789642240,1600,False,-1,0,TGAGATACTGAG
3233808384,1632,False,-1,0,ACATTGTTGGCG
825720094784,1664,False,-1,0,GTTGCCATCATT
826785398784,1696,False,-1,0,TACAAGTGCCTT
275951698112,1728,False,-1,0,TTGATTACAAGT
824646303872,1760,False,-1,0,TCCTGCGGTAAC
827854995520,1792,False,-1,0,GCCCGTAAAAGG
824637948096,1824,False,-1,0,AGAGATCAGTTT
551915880512,1856,False,-1,0,CCCTCACAGGCT
2151678016,1888,False,-1,0,TTTTGCGCGCAC
824642125888,1920,False,-1,0,CAATTCCTGATT
1073791168,1952,False,-1,0,ATACTTGATGGT
2147532928,1984,False,-1,0,TCTTGTCGACGC
550829604864,2016,False,-1,0,TGCTCACCAACA
278099132480,2048,False,-1,0,GTAACTGGTGGT
827863384192,2080,False,-1,0,GTGGTTGTCTAA
275960070336,2112,False,-1,0,AAAAACTCAGGC
551915929792,2144,False,-1,0,GCGAAACTTAGT
550829604864,2176,False,-1,0,GGATGCTTGGGA
1073774592,2208,False,-1,0,CAGGTGTTTTTG
549760041088,2240,False,-1,0,CAGGTTGCTTCA
826793803904,2272,False,-1,0,AAAATGCTTCAT
827863351360,2304,False,-1,0,TCGAAATGTGCA
275955892352,2336,False,-1,0,GGCGCAAAGTTG
824633721024,2368,False,-1,0,AGTCTTCATCGC
550837944448,2400,False,-1,0,GTCAGTGTATAC
274877906944,2432,False,-1,0,CTACTCATGCCT
2151727104,2464,False,-1,0,AACCTTTCTTGA
2155921536,2496,False,-1,0,TACTTACCTCTG
552985444544,2528,False,-1,0,GGTGAACTCGAA
826793836544,2560,False,-1,0,TAGCTTCACAAA
1073790976,2592,False,-1,0,CAGTCTGTGTAA
549760041152,2624,False,-1,0,ATTAAGGACAAA
549755863232,2656,False,-1,0,TCCTGGTTTACT
549755814080,2688,False,-1,0,GCTTAAAAGGGG
550842171584,2720,False,-1,0,ACCTTTGGAGAA
824646303872,2752,False,-1,0,AGGTTACAAGAA
825715900608,2784,False,-1,0,TTGATGAACGTG
825720094848,2816,False,-1,0,AAGTGCTCTGTC
551911735424,2848,False,-1,0,CGAAGTTACTGA
3225436352,2880,False,-1,0,AGGCTGTTGTGA
3233841344,2912,False,-1,0,GATCTCCTTACC
12599488,2944,False,-1,0,TGAGTGGAGTGT
12599296,2976,False,-1,0,ATGATGCTGGTG
824646336512,3008,False,-1,0,ATGTATTGTTCC
826789625984,3040,False,-1,0,AGAAGAGGACGA
278103326784,3072,False,-1,0,AAATTGATGAAA
824646320320,3104,False,-1,0,ACAGAGGATGAT
2151727232,3136,False,-1,0,ATTTGGTGCCTC
12632256,3168,False,-1,0,AGGAAGAAGAAG
824646320128,3200,False,-1,0,ACTACTGAGCAA
826785448000,3232,False,-1,0,AGAACCTACACC
824633721024,3264,False,-1,0,TTACTGGTTATT
549760008192,3296,False,-1,0,GCCATTAAATGT
824646352896,3328,False,-1,0,ACAAAGTGCTAA
2151710912,3360,False,-1,0,CTGCTAACATAC
274886295552,3392,False,-1,0,GTAGCAGGTGCA
549755863040,3424,False,-1,0,TGCCATGCAAAA
278107553920,3456,False,-1,0,AGCTAAATGGCC
549768429568,3488,False,-1,0,TGTTTGCTTTCT
826785415168,3520,False,-1,0,GTGTCTGCATGT
826785398784,3552,False,-1,0,CAGGTGAGGACA
1082130624,3584,False,-1,0,TATGAAAATTTC
551911686272,3616,False,-1,0,TGCACCATTGTT
3225468992,3648,False,-1,0,CTAAACCACTTC
12582976,3680,False,-1,0,CAGACGGTTCGT
827854979200,3712,False,-1,0,CAATGACAAAGC
1073758208,3744,False,-1,0,TGGATTATCTTG
274886311936,3776,False,-1,0,GAAGCACCTAAA
2147483776,3808,False,-1,0,AGAAGATTCCAA
827854962688,3840,False,-1,0,TACAGAAGCCTG
549768396864,3872,False,-1,0,AAGGCCTGCATT
550833799360,3904,False,-1,0,GGAAGAAACTAA
1082130624,3936,False,-1,0,TCTTGTTTGCTG
3233841152,3968,False,-1,0,CATGATTCTCAG
824633721024,4000,False,-1,0,TATGTCTTTCCT
825707495616,4032,False,-1,0,TGGTAGGTGATG
1077936192,4064,False,-1,0,ACTTGTGTTGTA
550833750208,4096,False,-1,0,TGGCACTACTGA
827867578432,4128,False,-1,0,AGAAAGTGCCAG
551915929664,4160,False,-1,0,TACCCTGGACAA
551915913408,4192,False,-1,0,TGAGGAAGCTAA
4210688,4224,False,-1,0,AATCTGCATTTT
549768429632,4256,False,-1,0,CCTAATGCTAAG
551915929664,4288,False,-1,0,ATCCTGGAATTT
549755830272,4320,False,-1,0,CTGAAGAGACAA
552985428160,4352,False,-1,0,ATGGATGTTAGA
49280,4384,False,-1,0,ACGTAAGTATAA
3225468992,4416,False,-1,0,GCATCGTTGACT
550829605056,4448,False,-1,0,TATACTAGTAAA
275951681600,4480,False,-1,0,TACGAAGCTGAA
827863351488,4512,False,-1,0,TCACAATGCCAA
550837993664,4544,False,-1,0,TTTAATCTTGAA
826793820288,4576,False,-1,0,TTCTCTTAAAGC
278099132608,4608,False,-1,0,CATCACCAGATG
825715900416,4640,False,-1,0,TACCTCACTTCG
2151710848,4672,False,-1,0,GCACTTTGTAGA
550842171520,4704,False,-1,0,CTTACAGAGATT
549768396928,4736,False,-1,0,ACAGAGTTAGGT
550833782784,4768,False,-1,0,TGACAAAATTGT
3229614272,4800,False,-1,0,CCGTCGAGTTTC
274890539072,4832,False,-1,0,TCACTTGACAAA
549755846656,4864,False,-1,0,GCGGGAGGTTAA
278103343232,4896,False,-1,0,CTGTGGACAACA
1086341120,4928,False,-1,0,GTGGATATGTCT
277033828480,4960,False,-1,0,TGGTCCAACATA
278099132544,4992,False,-1,0,CAAAAATTAAAC
552989655040,5024,False,-1,0,AAGACTTTCTTT
3221241920,5056,False,-1,0,ACTACGTAGTGA
552985460800,5088,False,-1,0,CTCTTGATGAGA
275960086528,5120,False,-1,0,TCTGCGTTAAAC
827859140608,5152,False,-1,0,TCCTCAAGTTGG
3233824960,5184,False,-1,0,GGGCTGATAACA
274890522624,5216,False,-1,0,TTATTAGCACTT
1073791168,5248,False,-1,0,CAATGCACCAGC
552985428160,5280,False,-1,0,GAGCCCGTGCTG
549768396864,5312,False,-1,0,GCACTCATACTC
826789593088,5344,False,-1,0,TGGCGAGCTTGG
3221274624,5376,False,-1,0,CCCATCTTCTAC
274886344704,5408,False,-1,0,GCAAAGCGAGTT
4194432,5440,False,-1,0,TTGTGGTCAGAA
827863351296,5472,False,-1,0,TAGAAGCTGTGA
1086374080,5504,False,-1,0,TATGATAATCTT
826785398976,5536,False,-1,0,ATGTGTGTGTGG
3233857664,5568,False,-1,0,TAGTACAACAAG
549768445952,5600,False,-1,0,TCTGCACCACCT
2147516416,5632,False,-1,0,AGGTACATTCTT
552989638848,5664,False,-1,0,GTAACTATCAGT
3233808384,5696,False,-1,0,ACTGCTAAGGAG
4227072,5728,False,-1,0,AGCTCACCTTAC
3233808384,5760,False,-1,0,GACCAGTGACTG
3229646912,5792,False,-1,0,TCCTACACTACA
0,5824,False,-1,0,TAAACTCGATGG
2160066688,5856,False,-1,0,AACCAAAATTGG
8388608,5888,False,-1,0,AATGCTTACTAT
3225468928,5920,False,-1,0,TGTACCAACTCA
1086341184,5952,False,-1,0,TTGATAATTTCA
552989622336,5984,False,-1,0,AAATTTGCTGAT
3229647040,6016,False,-1,0,CTTCACAAAGCC
275951681728,6048,False,-1,0,TCACATTCTTCC
826785448000,6080,False,-1,0,GTGGCTATTGAC
824646336512,6112,False,-1,0,TTTCAAGAAAGG
3225436160,6144,False,-1,0,CAATTGTTTGGC
1077985408,6176,False,-1,0,AAGACAACGTTC
549755814016,6208,False,-1,0,ACGTTGTCTTTG
824637931520,6240,False,-1,0,CTTCAAATTCAT
12615808,6272,False,-1,0,GACACACAAGGA
278099132544,6304,False,-1,0,AAGTCAACAACC
826789642240,6336,False,-1,0,AAAATCCTACCA
1073774720,6368,False,-1,0,TGTGACGTGAAA
3221225600,6400,False,-1,0,TGTCATACTTAA
4194496,6432,False,-1,0,AAGTAACACAAG
549760008384,6464,False,-1,0,ATGGCTGCTTAT
826793787520,6496,False,-1,0,CATTAAGAAACC
278099132608,6528,False,-1,0,TAGGTTTAAAAA
3233808384,6560,False,-1,0,GCTGCAATTAAT
275964231744,6592,False,-1,0,TTTGGCTTATGT
274890506368,6624,False,-1,0,CAGCAATTACAA
552981283008,6656,False,-1,0,TTAGCACAACGT
3233808576,6688,False,-1,0,TTATGTGTTTAC
550842171584,6720,False,-1,0,CTTTTACTAAAA
1086324736,6752,False,-1,0,GCTTCACTACCT
824646353024,6784,False,-1,0,TGTTAAGAGTGT
2160082944,6816,False,-1,0,CCGGCATTAATT
3233857728,6848,False,-1,0,TCTAAATTGTTC
827863384064,6880,False,-1,0,GTTGTTAAGTAT
278107570176,6912,False,-1,0,GTGTAACTGCTG
275964231808,6944,False,-1,0,AATTTTGGTGCT
824637964416,6976,False,-1,0,TAGAGAATTGTA
827863351488,7008,False,-1,0,CTACTATGGATT
826781237312,7040,False,-1,0,TGCAGCATTTGT
1073758272,7072,False,-1,0,TGATTCTTATCC
278103326848,7104,False,-1,0,TGACGATTTCAT
550837977280,7136,False,-1,0,ATTTTAGGTCTG
274890539200,7168,False,-1,0,ATATATGTTGTT
274882150464,7200,False,-1,0,TAGGTCTTTCAG
4194304,7232,False,-1,0,GGCTATTTTGCT
549768446080,7264,False,-1,0,TTGGCTCATGTG
827854995584,7296,False,-1,0,AAATGGCACCCG
550833799360,7328,False,-1,0,TACATCTTCTTT
824646353088,7360,False,-1,0,GAAGAGCTATGT
551915880576,7392,False,-1,0,CCTCTTCGACTT
278107521088,7424,False,-1,0,AATCGTGCCACA
549760024704,7456,False,-1,0,TGTTAATGGCAT
552989655168,7488,False,-1,0,ATGCAAATGGAG
827867562048,7520,False,-1,0,CACAATTGGAAT
827867578496,7552,False,-1,0,TTGCACTGGTAG
824637964288,7584,False,-1,0,TTGCTCGTGATT
8437760,7616,False,-1,0,CCAATCAACCCT
826781253760,7648,False,-1,0,TGTTGATAGTGT
825715884032,7680,False,-1,0,TTCACCTCTACT
275955859648,7712,False,-1,0,ACCTATGAGAGA
824637931520,7744,False,-1,0,CAATTTAGACAA
278107570368,7776,False,-1,0,AAGGTTCACTGC
2151727168,7808,False,-1,0,GATGGCAAGTCC
827854962752,7840,False,-1,0,TAAGTCTGCTTC
826785398784,7872,False,-1,0,TGTGCCAACCTA
551915880448,7904,False,-1,0,CTTGTATCAGAC
551907541120,7936,False,-1,0,TTCCGTTAAGAT
278107537536,7968,False,-1,0,CCTTTTCAGCAA
278111748096,8000,False,-1,0,AAACTTAAGGCA
551907491968,8032,False,-1,0,CGAGTTAGCAAA
826789609472,8064,False,-1,0,TCCTTTCTACAT
12582912,8096,False,-1,0,GGTGTTGTTGAT
824646303808,8128,False,-1,0,TGTTATTGAATG
824642142400,8160,False,-1,0,CTGACTTAGAAG
12615680,8192,False,-1,0,AATTTCATGCTC
1082130432,8224,False,-1,0,CATGACGCCCAG
552977055744,8256,False,-1,0,ACTGTAATGCAA
3221225600,8288,False,-1,0,GCAAAAAGTCAC
278111764544,8320,False,-1,0,TGTAAAAGACTA
827863351424,8352,False,-1,0,TGCGTAAACAAA
826781253696,8384,False,-1,0,AACAACATACCT
824646303744,8416,False,-1,0,AACTAGACAGGT
3221274816,8448,False,-1,0,AAATCTCACTCA
278111748160,8480,False,-1,0,ACTTGGTTTAAA
826793836736,8512,False,-1,0,ATTGTGCGTTCT
827867545664,8544,False,-1,0,TCGTTATGCCAG
4227072,8576,False,-1,0,GATGGTTACACA
826785447936,8608,False,-1,0,AGCCATTCAGGA
3229614080,8640,False,-1,0,TTTCTACTGATG
551915896960,8672,False,-1,0,GCTGGTTTTGAC
2147500096,8704,False,-1,0,TGGTTCATACAA
827854946496,8736,False,-1,0,TAGTAGCTGCTA
552985428160,8768,False,-1,0,TTCATAGTGCCT
826793820352,8800,False,-1,0,GAGAGCAATCAA
827863367744,8832,False,-1,0,TACCTCGTGTTT
824637947904,8864,False,-1,0,TGCTACACACCT
277033828480,8896,False,-1,0,TGATTTTGCTAC
827863351424,8928,False,-1,0,CTGAGTGTACAA
826793787392,8960,False,-1,0,AAACCTGTGCCA
827854995520,8992,False,-1,0,GCTAGAGGGTTC
552981283008,9024,False,-1,0,GTCCAGACACTC
825711706304,9056,False,-1,0,TCCATCATACAG
2151727232,9088,False,-1,0,GGGTTCTGTTAG
552977072128,9120,False,-1,0,CTGAGTACTGTA
2147483776,9152,False,-1,0,TCAGAAGCAGGT
824633769984,9184,False,-1,0,TAGATGGGTTCT
825715900608,9216,False,-1,0,CTCTATCAGGAG
549760008256,9248,False,-1,0,ATGAATCTCATA
551915929792,9280,False,-1,0,TGTGCAACCTGT
278099181632,9312,False,-1,0,CTTCAGCAGTGG
550833799360,9344,False,-1,0,TTGGTGACTTGT
826781220928,9376,False,-1,0,ATTCAGACGTGC
12632192,9408,False,-1,0,TTGTTGCTGCTA
277033795648,9440,False,-1,0,TCTTTCACTATA
551903297728,9472,False,-1,0,CAGCTTTCTGCC
275964248256,9504,False,-1,0,ACTTGTACTTGA
549768446144,9536,False,-1,0,GTTTCATTCTTG
826785447936,9568,False,-1,0,CATGTTTTCTCC
825707479168,9600,False,-1,0,CAGCAATCTATG
827859189952,9632,False,-1,0,CACTGCCATTGG
549764251840,9664,False,-1,0,GAAAAGAGTCAT
3233841216,9696,False,-1,0,GTACCTTCGAGG
552981233856,9728,False,-1,0,TTGCTCAACAAG
550842138816,9760,False,-1,0,TAGCGAGACACT
274877907008,9792,False,-1,0,ACAGGTATCTTG
552989622400,9824,False,-1,0,TATTTCAGTGGA
827854946304,9856,False,-1,0,TCGTGAAGCAGC
825720078528,9888,False,-1,0,CTCTAAATGACT
275960086720,9920,False,-1,0,GTTCTCTACCAA
549764251648,9952,False,-1,0,TTCTGCTGTTCT
275960037504,9984,False,-1,0,TGGCATTCCCGT
2147483712,10016,False,-1,0,ATGGTACAAGTA
551903297728,10048,False,-1,0,TAATGGATTGTG
827854962688,10080,False,-1,0,GTCCAAGACATG
16576,10112,False,-1,0,ATGCTTAATCCT
274890539072,10144,False,-1,0,TCGCAAATCCAA
3229663296,10176,False,-1,0,CTGGCAATGTTC
827867545600,10208,False,-1,0,TCTATGCAAAAT
274882117824,10240,False,-1,0,TGATACTTCTAA
824642109440,10272,False,-1,0,AATTTGTCCGTA
824646352960,10304,False,-1,0,TCAGTTCTAGCA
551915880448,10336,False,-1,0,TGGTGTTTATCA
552981233664,10368,False,-1,0,ATACCATTAAAG
552981266432,10400,False,-1,0,TGTGGTAGTGTT
278111764480,10432,False,-1,0,TTGCGTGTCTTT
549764235456,10464,False,-1,0,AGCTTCCAACAG
824646353088,10496,False,-1,0,TTAGAAGGTAAA
2151727232,10528,False,-1,0,CAGACAAACTGC
827867545728,10560,False,-1,0,CAACCATAACAT
12583040,10592,False,-1,0,TATGCTGCTGTT
274882134144,10624,False,-1,0,TCTTAATAGATT
277037973696,10656,False,-1,0,TTAACCTTGTGG
549768396992,10688,False,-1,0,CCTTTGACACAA
824642158720,10720,False,-1,0,ACCTCTTTCTGC
278099132544,10752,False,-1,0,TAGATATGTGTG
2160066752,10784,False,-1,0,CAGAATGGTATG
2147532864,10816,False,-1,0,TAGCACTATTTT
549768429760,10848,False,-1,0,TTGATGTTGTTA
824633753600,10880,False,-1,0,TTCCAAGGTAAG
550842187968,10912,False,-1,0,CACTCATCATTG
824637947904,10944,False,-1,0,CATCACTATTGA
827867561984,10976,False,-1,0,TGGTCACTGTTT
825715900544,11008,False,-1,0,TTTCTTGCCATT
277029634176,11040,False,-1,0,TTGCTGCATGTG
826789609664,11072,False,-1,0,AAGCACGCATTC
2147532800,11104,False,-1,0,TTCTCTTGCAAC
275960086720,11136,False,-1,0,TCTACATGCCTG
552989622400,11168,False,-1,0,ATGACATGGCTT
549755863040,11200,False,-1,0,GTCTGGTTATAG
827859189824,11232,False,-1,0,ATGCTTCAGCTT
549768429632,11264,False,-1,0,ACAGCTCGCACT
16384,11296,False,-1,0,ACGTGTTTGGAC
825715851456,11328,False,-1,0,TTGTTTACAAAG
827863384256,11360,False,-1,0,GATCAAGCTATT
827859189888,11392,False,-1,0,TTCTGTAACCTC
824633737216,11424,False,-1,0,CGACTATCATGT
549760057536,11456,False,-1,0,TTTGTGTGTGTT
278099181568,11488,False,-1,0,TATTACTGGCAA
824646336576,11520,False,-1,0,TTGTTTATTGTT
278111731712,11552,False,-1,0,TGCTACTTTGGC
825715900544,11584,False,-1,0,TTACTTCAGGCT
274890522816,11616,False,-1,0,ACTTGGTCTCTA
278111715456,11648,False,-1,0,AACTCCCAGGGG
275951698112,11680,False,-1,0,TATTGATGCTTT
549768446080,11712,False,-1,0,TGGGTATTGGAG
824642142400,11744,False,-1,0,GCTACTGTACAG
550842171456,11776,False,-1,0,GTGCACATCTGT
826793803776,11808,False,-1,0,AACAACTTAGAG
549760008192,11840,False,-1,0,TGGGCACAATGT
4194496,11872,False,-1,0,TCTTCTTGCAAA
278111764608,11904,False,-1,0,AGAAGATGGTTT
552981233792,11936,False,-1,0,TCCATGCAGGGT
551903346688,11968,False,-1,0,GTGCGAGGAAAT
274890522816,12000,False,-1,0,TTCAGGCTATTG
549760040960,12032,False,-1,0,CCATCATATGCC
551907541120,12064,False,-1,0,GGCCTATGAGCA
824646303744,12096,False,-1,0,CTGAAGCCGTTC
1082163328,12128,False,-1,0,TTGAATGTGGCT
12582912,12160,False,-1,0,TGCTGCCATGCA
825707462656,12192,False,-1,0,CAGATCAGGCTA
549764202688,12224,False,-1,0,GCAAGATCTGAG
12599296,12256,False,-1,0,TAGTGCTATGCA
3229663296,12288,False,-1,0,TTAGGAAGCTTG
551915929792,12320,False,-1,0,ATTATCAACAAT
3225419904,12352,False,-1,0,ACTCAACATCAT
825715851456,12384,False,-1,0,AACTCATGGTTG
824646303936,12416,False,-1,0,TACAAGAACACT
3221241920,12448,False,-1,0,ATATGCATCTGC
1073790976,12480,False,-1,0,TTGTTGATGCGG
12599296,12512,False,-1,0,AGTGAAATTAAC
826785447936,12544,False,-1,0,GGCTTGGCCTCT
824637915328,12576,False,-1,0,CCAACTCAGCTG
552977039424,12608,False,-1,0,CTGAGTCCAGTA
275955892224,12640,False,-1,0,TGCGGCTGGTAC
825720045760,12672,False,-1,0,ATGACAATGCAC
827863384256,12704,False,-1,0,AAGGGAGGTAGG
824642158784,12736,False,-1,0,AGACCACCAAGA
549755863104,12768,False,-1,0,CTAAGAGTGATG
277033812032,12800,False,-1,0,GAACTGGAACCA
549768396992,12832,False,-1,0,CACACCAAAAGG
549755863232,12864,False,-1,0,ACTTCATCAAAG
551903330368,12896,False,-1,0,GGTATGGTGCTG
824637915264,12928,False,-1,0,ACGTCTTCAGGC
277038022848,12960,False,-1,0,CTGCCAATTCAA
275951697920,12992,False,-1,0,TTTGCAGTAGAC
826781204480,13024,False,-1,0,TTACCTAGCAAG
826781204672,13056,False,-1,0,ACTGTGTGAAGA
1073758208,13088,False,-1,0,ACAGGACAGGCA
3233857664,13120,False,-1,0,TAACATGGACCA
3233808576,13152,False,-1,0,CATGTTGTCTGT
2151710912,13184,False,-1,0,CATCCAAATCCT
274882117824,13216,False,-1,0,AGGTAAGTACGT
827854995456,13248,False,-1,0,CTAATGACCCAG
551903346688,13280,False,-1,0,ACAGTCTGTACC
826781220992,13312,False,-1,0,TTATGGCTGTAG
277033795712,13344,False,-1,0,CCTTGATGCAGT
552977055808,13376,False,-1,0,TTAAACGGGTTT
550833750080,13408,False,-1,0,CTTACACCGTGC
552977088512,13440,False,-1,0,TGTCGTCTACAG
552977088512,13472,False,-1,0,AAAAAGTTGCTG
278107521024,13504,False,-1,0,ACTAATTGCTGT
2151694464,13536,False,-1,0,GGAAGGCAATTT
277025390592,13568,False,-1,0,TTAAGAGGCATA
824642109440,13600,False,-1,0,GAAGAGACTATT
825707511808,13632,False,-1,0,TCCAGCGGTTGC
550837960896,13664,False,-1,0,TTAGAGTAGATG
275951648960,13696,False,-1,0,TCACGTCAGCGT
825715900544,13728,False,-1,0,TGATTTAGTCTA
0,13760,False,-1,0,AGGGTAATTGTG
826793820160,13792,False,-1,0,GTCACATACAAT
827854962816,13824,False,-1,0,CAATAAGAAGGA
825720062016,13856,False,-1,0,ATCCTGACATCT
274877956096,13888,False,-1,0,GGTGAGCGTGTA
277038022784,13920,False,-1,0,TGTACAATTCTG
826793787584,13952,False,-1,0,GCATTGTAGGCG
2151727232,13984,False,-1,0,GATCTTAATGGG
1082146944,14016,False,-1,0,TTTCGTACAAGT
278111764608,14048,False,-1,0,CTATTGTGGATT
825707511872,14080,False,-1,0,CCCATCCTCACT
551903313920,14112,False,-1,0,TGAGTCCCATAT
552981233856,14144,False,-1,0,CACTTATTAAGT
3233857536,14176,False,-1,0,TTTACGGAAGAG
826781204544,14208,False,-1,0,TTATTTTAAATA
3229614208,14240,False,-1,0,CCAATTGTATTA
549768429760,14272,False,-1,0,ATCCTTCATTGC
825711706240,14304,False,-1,0,TTCTACTGTGTT
8388800,14336,False,-1,0,CACTAGTAAGAA
825707479232,14368,False,-1,0,CCTTTTGTTGTT
275951681664,14400,False,-1,0,TGAGTTAGGAGT
278099181696,14432,False,-1,0,ACTTACATAGCT
550842171584,14464,False,-1,0,CTTTTAGTGTAT
278111715328,14496,False,-1,0,TGCAGCTTCTGG
824642125824,14528,False,-1,0,GCACTACATGCT
824646303808,14560,False,-1,0,AACAATGTTGCT
3221241984,14592,False,-1,0,TAATTTTAATAA
827863367872,14624,False,-1,0,TGTCTAAAGGTT
278103359488,14656,False,-1,0,GTTGAACTAAAA
824633770176,14688,False,-1,0,TGGCAACGCTGC
824633753792,14720,False,-1,0,ATCGTTATAATC
827867562176,14752,False,-1,0,AGACAACTACTA
827854995648,14784,False,-1,0,TAAATACTTTGA
8388800,14816,False,-1,0,TTAATGCCAACC
552977039360,14848,False,-1,0,GATAAATCAGCT
3221241856,14880,False,-1,0,GGGTAAGGCTAG
3225469056,14912,False,-1,0,GTTATGAGGATC
552989622336,14944,False,-1,0,ACTAAGCGTAAT
551915929600,14976,False,-1,0,AATGAATCTTAA
274886344896,15008,False,-1,0,ATAGAGCTCGCA
49152,15040,False,-1,0,TGTAGTACTATG
549760024576,15072,False,-1,0,GAAATTATTGAA
827854979200,15104,False,-1,0,GAGCTACTGTGG
274886295616,15136,False,-1,0,TACGGTGGCTGG
4210688,15168,False,-1,0,TTACAGTGATGT
274886328384,15200,False,-1,0,GTTGGGATTATC
3229663424,15232,False,-1,0,CCTAACATGCTT
4210688,15264,False,-1,0,TCTTGCTCGCAA
825720062016,15296,False,-1,0,TATCACACCGTT
826789626048,15328,False,-1,0,TGTGCGCAAGTA
2147483776,15360,False,-1,0,TGGCGGCTCACT
3221242048,15392,False,-1,0,CATCATCCGGTG
3233841344,15424,False,-1,0,AATAGTGTCTTT
825720045696,15456,False,-1,0,AGCCAATGTAAA
275964280896,15488,False,-1,0,GTAATAAGATAG
274886311936,15520,False,-1,0,CTACAACACAGG
825707479168,15552,False,-1,0,AAATAGGGATGT
2147483712,15584,False,-1,0,AGTTTTACGCTT
824646336704,15616,False,-1,0,ATGATGATTCTT
277029585088,15648,False,-1,0,CTATAACAGTAA
1073758400,15680,False,-1,0,TAGCTAGCATTA
3225468928,15712,False,-1,0,TATTATCAAAAT
824633769984,15744,False,-1,0,AAAATGTTGGAC
825711656960,15776,False,-1,0,GACCTCACGAAT
549768429568,15808,False,-1,0,CTAGTTAAACAA
827863335040,15840,False,-1,0,GCCTTACCCAGA
827854995456,15872,False,-1,0,CAGGCTGTTTTG
3221274816,15904,False,-1,0,GATGGTACACTT
827859189760,15936,False,-1,0,ACTGGCTATTGA
3229663424,15968,False,-1,0,ATCCTAATCAGG
827854995456,16000,False,-1,0,TTGTATTTACAA
274890506432,16032,False,-1,0,TGAGCTTACTGG
278099148800,16064,False,-1,0,CCGTAATGCTAA
552989655232,16096,False,-1,0,TACTGGGAACCT
3221274752,16128,False,-1,0,CACACCACATAC
552981250048,16160,False,-1,0,CTTGTGTATTGT
827863351488,16192,False,-1,0,CGTTGCGGTGCC
278099181568,16224,False,-1,0,ATGTTGCAAGTG
12599488,16256,False,-1,0,CAACATCACACA
1073790976,16288,False,-1,0,CCCTATGTTTGC
1073741952,16320,False,-1,0,CACTGATGTGAC
551907492032,16352,False,-1,0,TGAGCTATTATT
826793820160,16384,False,-1,0,ATTAGTTTTCCA
274882150528,16416,False,-1,0,TTTTGGTTTATA
275951665152,16448,False,-1,0,GTGACAATGTCA
12615680,16480,False,-1,0,ACATGTGATTGG
824633720832,16512,False,-1,0,ACTTGCCAACAC
2147500224,16544,False,-1,0,TTTTCGCAGCAG
275964231744,16576,False,-1,0,GAAACATTTAAG
3221225664,16608,False,-1,0,TGTACGCGAAGT
3221241856,16640,False,-1,0,ATCTTTCATGGG
4194432,16672,False,-1,0,CCATTGAACAGA
0,16704,False,-1,0,CCGTGTAACTAA
824642109632,16736,False,-1,0,GAGAGTACACCT
826793787456,16768,False,-1,0,GATGCTGTTGTG
826781253824,16800,False,-1,0,CAAGTTGAATGT
826785431552,16832,False,-1,0,CATCTCACACTG
274882134144,16864,False,-1,0,ACTCTAGTGCCA
274890506432,16896,False,-1,0,TACTGGCTTGTA
552985428160,16928,False,-1,0,ATGAGTTTTCTA
274882101440,16960,False,-1,0,AAGGTCGGCATG
826781253824,16992,False,-1,0,AGGACCACCTGG
275964248256,17024,False,-1,0,CCATCGGACTTG
1077952576,17056,False,-1,0,CGCATAGTGTAT
2147483648,17088,False,-1,0,TGTTGATGCCCT
32832,17120,False,-1,0,ATTTGCCCATAG
278107570176,17152,False,-1,0,CCTGCGCGTGCG
824646303936,17184,False,-1,0,ATTCAAAGTGAA
827867545600,17216,False,-1,0,TTTTCTGCACTG
552989655232,17248,False,-1,0,ACTGCTGACATT
826793836672,17280,False,-1,0,TATGGCTACTAA
549760008256,17312,False,-1,0,ATGCTAGACTTC
549755846720,17344,False,-1,0,ATTGGCGATCCT
826785398848,17376,False,-1,0,CACATTGCTGAC
277025439872,17408,False,-1,0,AATATTTTAATT
552981266496,17440,False,-1,0,ACAATAGGTCCA
826793836544,17472,False,-1,0,TCGCCGTTGTCC
827854946304,17504,False,-1,0,TGAGTGCTTTAG
1086374080,17536,False,-1,0,GCACACAAGGAG
2160066688,17568,False,-1,0,AATGTTCTACAA
825711656960,17600,False,-1,0,TTTCATCTGCAA
827854946368,17632,False,-1,0,GTTGTAAGAGAA
827867529408,17664,False,-1,0,TTGGAGAAAAGC
274890489920,17696,False,-1,0,ATTCACAGAACG
275964280896,17728,False,-1,0,GGATTGCCTACG
827867529216,17760,False,-1,0,GGGTTCTGAATA
274890522816,17792,False,-1,0,AAACTACTGAAA
550833750080,17824,False,-1,0,AACCGCTTCAAT
549768445952,17856,False,-1,0,AATTGGCATTTT
2160083136,17888,False,-1,0,ATCTTTATGACA
274886295744,17920,False,-1,0,GAAATACCACGT
2160115840,17952,False,-1,0,AGCAGAAAATGT
827859140800,17984,False,-1,0,GTAGTAAGATCA
278103359680,18016,False,-1,0,CAGGCACCTACA
3229663232,18048,False,-1,0,GTTCAAGACTGA
1073742016,18080,False,-1,0,CAGGCATACCAA
2151677952,18112,False,-1,0,CTCATCTCTATG
825707495424,18144,False,-1,0,CCAAGTCAATGG
278103376064,18176,False,-1,0,CCCGCGAAGAAG
552985477120,18208,False,-1,0,TGGATTGGCTTT
277029601344,18240,False,-1,0,AACTAGAGATGC
827863384128,18272,False,-1,0,TCCAGCTAGGAT
2160099392,18304,False,-1,0,GTAGCTGTACCG
8437888,18336,False,-1,0,AAATAACACAGA
550842138816,18368,False,-1,0,AACCTCCACCAG
824637931648,18400,False,-1,0,ATACCACTCATG
824646303808,18432,False,-1,0,TGTAGTGCGTAT
12582912,18464,False,-1,0,GTGATACACTGA
825720094720,18496,False,-1,0,GTGTTCGTCCTT
552989655168,18528,False,-1,0,TACATCAATGAA
552989622272,18560,False,-1,0,CTGAAAGAACGT
825707495488,18592,False,-1,0,GCAACTTGCTTT
827867578496,18624,False,-1,0,TGCCTGCTGGAA
278099132608,18656,False,-1,0,ATGTCTATAACC
2151694464,18688,False,-1,0,CAGTGGGGCTTT
825720094720,18720,False,-1,0,CCATGACCAACA
552985477248,18752,False,-1,0,CACATGTGGCTA
549764251840,18784,False,-1,0,AGATGTTTAGCA
551903313920,18816,False,-1,0,GCGCGTTGATTG
826781221056,18848,False,-1,0,TAGGAGATGAAC
278111715392,18880,False,-1,0,AGAAAAGTACAA
827859189824,18912,False,-1,0,ATTGCTTGCTGA
277025390784,18944,False,-1,0,ACATTGGAAATC
549764251648,18976,False,-1,0,CCTCAGGCTGAA
826781253632,19008,False,-1,0,TGCTCAGCCATG
827867545600,19040,False,-1,0,TAGAGGAACTCT
12632256,19072,False,-1,0,CACGATAAATTC
277033795712,19104,False,-1,0,TTGGAATTGTAA
551911702528,19136,False,-1,0,ATGCAATTGTGT
3221274624,19168,False,-1,0,TTGTCAAACTTG
824633770176,19200,False,-1,0,TGGTAGTTTGTA
827854962880,19232,False,-1,0,ACACTCCAGCTT
825711706112,19264,False,-1,0,AATTTAAAGCAA
827854962752,19296,False,-1,0,TGATAGTCCTTG
827863351360,19328,False,-1,0,TAGTGTCGGATA
1073742016,19360,False,-1,0,TCTGCTACGTGT
275951648896,19392,False,-1,0,TGGTGCTGTTTG
827867529344,19424,False,-1,0,ACCGACAGTACT
826781204480,19456,False,-1,0,ATTTCTGCTGGA
824646336512,19488,False,-1,0,ACAATTTGATAC
3229614208,19520,False,-1,0,TTACCAGGTTAC
49152,19552,False,-1,0,TATAATGTTGTT
1086341120,19584,False,-1,0,ACACGCCGGCGA
8388800,19616,False,-1,0,ATAATGCTGTTT
824646303808,19648,False,-1,0,GATGTGGAGATC
827854995584,19680,False,-1,0,TCCTGTTAATGT
4194496,19712,False,-1,0,AGCGTAACATTA
826793787456,19744,False,-1,0,ATACTCAATAAT
277025390720,19776,False,-1,0,TAATACTGTAAT
827854979136,19808,False,-1,0,CCCCAGCACATG
1082146880,19840,False,-1,0,ACAATGACTGAC
825711673536,19872,False,-1,0,GAGTGCTTGTTC
8388800,19904,False,-1,0,ATGGTAGAGTGG
2160066624,19936,False,-1,0,AGAAACGCCCGT
1077985280,19968,False,-1,0,AGGTTCAGTCAA
275951681600,20000,False,-1,0,GACCAGCACAAG
827854962880,20032,False,-1,0,TTAATTGGAGAA
2155921472,20064,False,-1,0,CTACTTTAAGAA
275951648832,20096,False,-1,0,AGTTGCCTGAAA
824637964288,20128,False,-1,0,GACTTAGAGGAT
826793836672,20160,False,-1,0,GGAAACTGACTT
552981233728,20192,False,-1,0,AATTCATACAGC
3233841344,20224,False,-1,0,GCCTTCGAACAC
826793836544,20256,False,-1,0,TCATGGACAACT
1077936128,20288,False,-1,0,TAGGCTTAGCCA
552981233664,20320,False,-1,0,CTTAAATTAGAG
827867529344,20352,False,-1,0,CACAGTGAAAAA
274886328512,20384,False,-1,0,AAACAGGTTCAT
274882134016,20416,False,-1,0,ATTGATCTTTTA
3225452736,20448,False,-1,0,AATAAAGTCACA
824642109632,20480,False,-1,0,AAGTGGTCAAGG
277038006400,20512,False,-1,0,ATTTCATTCATG
275951648896,20544,False,-1,0,TGTTGAAACCTT
8405120,20576,False,-1,0,GTCAAGCGTGGC
16576,20608,False,-1,0,AACTTGTACAAG
824633769984,20640,False,-1,0,AAAGTGTGACCT
49344,20672,False,-1,0,CTGTTATACCAA
278111764672,20704,False,-1,0,GCAAAGTATACT
2151694336,20736,False,-1,0,TACACTTACTTT
827863351488,20768,False,-1,0,GAGTTATTCACT
550842155136,20800,False,-1,0,GGAGTTGCACCA
824646353024,20832,False,-1,0,ATGGTTGCCAAC
1086324736,20864,False,-1,0,CAGATCTTAATG
549768396992,20896,False,-1,0,TCTACTTTAATT
2160115712,20928,False,-1,0,TACGGCTAATAA
277025390720,20960,False,-1,0,ATATGTATGACC
824633770176,20992,False,-1,0,AAAGAGAATGAC
64,21024,False,-1,0,TTATCTGTGTGG
274886295552,21056,False,-1,0,CCCTGGGTGGTT
1077985280,21088,False,-1,0,GAGCATTCTTGG
278107521216,21120,False,-1,0,TATGGGCCATTT
12599296,21152,False,-1,0,TTACAAATGTAA
549768429568,21184,False,-1,0,TTTTTAATTGGG
826781220928,21216,False,-1,0,GAAGGAACAAAT
826781221056,21248,False,-1,0,CTAACTACATTT
824633769984,21280,False,-1,0,ATCCAGTTGTCT
824646303744,21312,False,-1,0,GAGCAAATTTCC
826781204544,21344,False,-1,0,CTGTAATGTCTC
827863335040,21376,False,-1,0,GATATGATTTAT
128,21408,False,-1,0,GCTTATCATTAG
827854946304,21440,False,-1,0,TTTCAAGTGATA
827854962752,21472,False,-1,0,AACATGTTTATT
825707495424,21504,False,-1,0,CACTAGTGGTAG
824637915200,21536,False,-1,0,CTTTTGATGATG
827863367680,21568,False,-1,0,CAACATACTTCA
824637931584,21600,False,-1,0,TCCTGATGAAAT
4210880,21632,False,-1,0,ATTTAACTCAGG
552989622272,21664,False,-1,0,TCTAATGTTACA
277038022656,21696,False,-1,0,TACGTTTGACAA
827854946304,21728,False,-1,0,ATGGTATTTATT
551915913280,21760,False,-1,0,AATGTTGTCCGT
550833782784,21792,False,-1,0,CATGAACAACAA
278107570176,21824,False,-1,0,TTAACAATTCTA
826785415360,21856,False,-1,0,TGTAACTTTGAA
8388608,21888,False,-1,0,TGTTGTTTCTAA
827863384256,21920,False,-1,0,ATACTATGATAT
1086373952,21952,False,-1,0,ACTTTCGAGTAC
3229663232,21984,False,-1,0,TGATGTTTCAGA
826781204480,22016,False,-1,0,ACTTACGAGAGT
549764251648,22048,False,-1,0,GGGTTTCTCTAT
826793836672,22080,False,-1,0,TATAGATGTAGT
3233808512,22112,False,-1,0,TTAACACTTTGA
1086324800,22144,False,-1,0,CTTGGTATTAAG
825711656960,22176,False,-1,0,TCTTACAGCCTT
274890539200,22208,False,-1,0,GGGGCACGTCAG
1086341120,22240,False,-1,0,TATTTAAAGCCA
824637964416,22272,False,-1,0,TGATGAAAATGG
8388672,22304,False,-1,0,ATTGTTCTCAAA
3229646848,22336,False,-1,0,TGCTCTGTTAAG
274890522752,22368,False,-1,0,AATTTACCAGAC
826793803968,22400,False,-1,0,CCTCAGGAGATG
278099165376,22432,False,-1,0,ACAAACTTGTGT
278111764672,22464,False,-1,0,TGCTACTAAATT
827867578560,22496,False,-1,0,AGAGGAAAAGAA
824633770176,22528,False,-1,0,TACTCTGTGCTC
277038022656,22560,False,-1,0,AACCTTTAAGTG
825720045632,22592,False,-1,0,AGTTGAATGATC
552985460736,22624,False,-1,0,GCAGATTCTTTT
551903346816,22656,False,-1,0,AAGACAAATAGC
3233824960,22688,False,-1,0,TTGCTGATTATA
552989622336,22720,False,-1,0,TTCATGGGTTGT
827859189952,22752,False,-1,0,GAACATTGATGC
552977039424,22784,False,-1,0,ATTATAAATATA
551907540992,22816,False,-1,0,CTTAGGCCCTTT
826781253632,22848,False,-1,0,GCCTTTCTCTTC
3233824768,22880,False,-1,0,CACCTGCTCCTA
825720078528,22912,False,-1,0,GGTTATGGTTTT
277037973696,22944,False,-1,0,CTACCAACCTTA
8405184,22976,False,-1,0,TTGAACTTTTAA
825711656960,23008,False,-1,0,GGACCAAAATTA
824646352960,23040,False,-1,0,CCAGTGTGTCAA
824637931520,23072,False,-1,0,CTGGTACTGGTG
824633753728,23104,False,-1,0,AGATTTCAACCA
277029634176,23136,False,-1,0,TGTTTCTGATTT
8437760,23168,False,-1,0,CTAAAACATCTG
552989622336,23200,False,-1,0,TGCTCTTTTGGG
827854995584,23232,False,-1,0,TGGAACAAATGC
825707462848,23264,False,-1,0,TATATCAAGATG
549755813952,23296,False,-1,0,ACATTAATTCAT
824642125952,23328,False,-1,0,TTGGCGCATATA
275955892224,23360,False,-1,0,TCCAGACTCAAG
1086373888,23392,False,-1,0,GAGCATGTCGAC
824642158784,23424,False,-1,0,TCCTATTGGAGC
274877923392,23456,False,-1,0,ATACAGTTTCTT
549768446144,23488,False,-1,0,AAATCTATTGTG
2147532800,23520,False,-1,0,TGCTGATAGTTC
278111731904,23552,False,-1,0,CCATTGCTATAC
552989671616,23584,False,-1,0,ATTACTACAGAA
3221258240,23616,False,-1,0,TAAAACCTCCGT
274886295680,23648,False,-1,0,GCGGAGATTCTA
3225436352,23680,False,-1,0,CTCCAATATGGT
4243520,23712,False,-1,0,TCGTGCACTCTC
549768445952,23744,False,-1,0,ATCGCAACACAC
1073790976,23776,False,-1,0,AAACAAATGTAC
827859140800,23808,False,-1,0,TTTTGGTGGTTT
32960,23840,False,-1,0,CTGACCCTCTAA
278111748160,23872,False,-1,0,ATTGAGGACTTG
274877907072,23904,False,-1,0,CGCTGATGCTGG
3229647040,23936,False,-1,0,AATGCCTAGGTG
3233824832,23968,False,-1,0,ATTTGTGCGCAG
549755863040,24000,False,-1,0,GTTGCCACCTCT
278107553984,24032,False,-1,0,CTGCCTACACTG
825720078464,24064,False,-1,0,GCCACTGCTGGA
3225452544,24096,False,-1,0,TGCTCTTCAAAT
1082179648,24128,False,-1,0,CATATAGGTTCA
549755830464,24160,False,-1,0,AATGTTCTCTAT
277038022656,24192,False,-1,0,CAACCAATTTAA
274890506240,24224,False,-1,0,AAGAATCACTTA
552989638656,24256,False,-1,0,GGCAAGCTGCAA
275964231744,24288,False,-1,0,TCAAGCATTAAA
549768429696,24320,False,-1,0,GCTCTAATTTTG
826793787584,24352,False,-1,0,AATGATATCCTT
2155872256,24384,False,-1,0,GGCGGAGGTACA
552977039360,24416,False,-1,0,GCAGACTTCAAA
1086324864,24448,False,-1,0,CAACAACTAATC
826785398976,24480,False,-1,0,TTCTGCTAATCT
549755846848,24512,False,-1,0,AGTGTGTTCTTG
549760008256,24544,False,-1,0,TTTTGCGGAAAG
275960086720,24576,False,-1,0,CCCACAAGCAGC
2160066688,24608,False,-1,0,TACATGTCACGT
550829604864,24640,False,-1,0,AACTTCACCACA
275960037504,24672,False,-1,0,AGGCAAAGCATA
552989671616,24704,False,-1,0,TTGTGTTTAATG
825707462848,24736,False,-1,0,CAGAGGAACTTC
2151678144,24768,False,-1,0,TACAGACAATAC
550829555712,24800,False,-1,0,ATGTCGTTATTG
275960070208,24832,False,-1,0,TATGATCCTCTG
549755830272,24864,False,-1,0,CAAAGAAGAGCT
3225452608,24896,False,-1,0,ATACATCACCAG
550833750208,24928,False,-1,0,TCAGGCATTAAC
275951681664,24960,False,-1,0,AGAAGAAATTGA
192,24992,False,-1,0,AAAATTTAAATG
824633720832,25024,False,-1,0,GAATTGGGAAAA
825715867776,25056,False,-1,0,GCCTTGGTATGT
825715867712,25088,False,-1,0,GACTAATTGCCA
2160066688,25120,False,-1,0,CTTTGTTGCATG
278107570368,25152,False,-1,0,CAAGGGTGCATG
1082147008,25184,False,-1,0,AGTTTGATGAGG
824637964352,25216,False,-1,0,AAGGGTGTCAAA
827854995520,25248,False,-1,0,CTTATGGATTTG
825711656960,25280,False,-1,0,TGGATCAATTAC
49344,25312,False,-1,0,ACAATGCTTCTC
278099181760,25344,False,-1,0,ACAGCAACGATA
824642158784,25376,False,-1,0,TTTCGGATGGCT
1073741824,25408,False,-1,0,TTGCTGTTTTTC
2155905216,25440,False,-1,0,GCGCTCAATAAA
549764251712,25472,False,-1,0,TAAGGGCTTCCA
275964231872,25504,False,-1,0,TGCTATTTGTTA
552985444544,25536,False,-1,0,CTTGTCGCTGCA
274877956160,25568,False,-1,0,GTACCTCTATGC
549755863040,25600,False,-1,0,GCATCAACGCAG
2147483648,25632,False,-1,0,TGGCTTTGTTGG
49344,25664,False,-1,0,ATTACTTTATGA
3233841152,25696,False,-1,0,GGCACACACATA
32960,25728,False,-1,0,TATAACAGTGTC
278103326784,25760,False,-1,0,TGAAGGTGACGG
3229614272,25792,False,-1,0,AAGAAGACTACC
552977088704,25824,False,-1,0,GATAGGCACTCA
824633770176,25856,False,-1,0,TGTACATGGCTA
274877923392,25888,False,-1,0,AGCTTGAGTCTA
550833750208,25920,False,-1,0,GGTATTGAAAAT
1077985344,25952,False,-1,0,CAAGCTTGTTAA
1086357696,25984,False,-1,0,TACACACAATCG
550842171392,26016,False,-1,0,AATCCAGCAATG
826785431680,26048,False,-1,0,GACGACGACTAC
0,26080,False,-1,0,AAGAAAGTGAGT
2155872448,26112,False,-1,0,GTTTCGGAAGAA
825711673472,26144,False,-1,0,TAGCGTACTTCT
274877956288,26176,False,-1,0,TCTTGCTAGTCA
549760008384,26208,False,-1,0,CTTCGATTGTGT
4227264,26240,False,-1,0,TAACGTGAGTTT
824637915328,26272,False,-1,0,TCTACTCGCGTG
552985477184,26304,False,-1,0,GAAGGAGTTCCT
3229646912,26336,False,-1,0,CTAACTATTATT
277025406976,26368,False,-1,0,AACATTGCTTAT
3225469056,26400,False,-1,0,TTACCGTTGAGG
552989638848,26432,False,-1,0,CAATGGAACCTA
550829605056,26464,False,-1,0,AGCCTGGATTAT
552989671424,26496,False,-1,0,CTAATCGGAACA
827863351488,26528,False,-1,0,CTTGTTTTCCTC
825711706304,26560,False,-1,0,ACTTGCTTGCTT
827863384192,26592,False,-1,0,GAATTAATTGGG
3225419904,26624,False,-1,0,GCAATGGCTTGT
827867562176,26656,False,-1,0,TAGCTACTTCGT
277038022720,26688,False,-1,0,CTCGTACCCGCT
278111731904,26720,False,-1,0,GAAACAAACATT
549760024704,26752,False,-1,0,GGGGACAATTGT
827863384256,26784,False,-1,0,GTGAACTTGTCA
1073791168,26816,False,-1,0,GGTCACTTGCGA
826793787520,26848,False,-1,0,GCGCTGTGACAT
274877956288,26880,False,-1,0,TCACTGTGGCTA
550837977216,26912,False,-1,0,TACAAATTAGGA
826781221056,26944,False,-1,0,TGATTCAGGTTT
16448,26976,False,-1,0,GTATTGGAAACT
549768446144,27008,False,-1,0,GCCGGTAGCAAC
2160066752,27040,False,-1,0,ACAGTAAGTGAC
3221225664,27072,False,-1,0,GACTTCCAGGTT
552985477120,27104,False,-1,0,TATCATTATGAG
824633737216,27136,False,-1,0,GGAATCTTGACG
1073741824,27168,False,-1,0,AGACAATTATTT
2147483648,27200,False,-1,0,TTATTCGGAGTT
274886295552,27232,False,-1,0,AGTTAGATTATC
552989622272,27264,False,-1,0,TATTCTCTTCCT
1077936320,27296,False,-1,0,CTTGCGAGCTAT
552977072192,27328,False,-1,0,AGAGGTACGACT
2155921472,27360,False,-1,0,CCCATCAGGAAC
275951697920,27392,False,-1,0,TTCACCCTCTTG
12632128,27424,False,-1,0,ACTTGCACTAGC
825711706176,27456,False,-1,0,TGCTGACGGTAC
824633770048,27488,False,-1,0,GTGCAAGATCAG
549755830272,27520,False,-1,0,AGACAAGAGGAG
277029634176,27552,False,-1,0,GCCACTTTTTCT
550829555712,27584,False,-1,0,TTTTAATACTTT
1086373952,27616,False,-1,0,ACAGAATGAATG
825720062144,27648,False,-1,0,TATTTGTGCTTT
549768446144,27680,False,-1,0,TGTTTTAATAAT
3229614272,27712,False,-1,0,CACTCGAAATCC
8405184,27744,False,-1,0,ACCAAAGTCTAA
827867545792,27776,False,-1,0,TGTTTTGACTTG
826793803968,27808,False,-1,0,TACGCACTGTAG
274890539072,27840,False,-1,0,AAACCTCATGTG
827854946496,27872,False,-1,0,TGGTTACCAACC
3221242048,27904,False,-1,0,AAACTAGGGGTA
549768413376,27936,False,-1,0,CTTTGTGCTCTA
826781204480,27968,False,-1,0,TAGATGGCACAC
825711656960,28000,False,-1,0,CTAATGTTACTA
1082179584,28032,False,-1,0,GGTGGTGCGCTT
274882101248,28064,False,-1,0,TCATGAAGGTCA
824633753600,28096,False,-1,0,ACGTACTTGTTG
826785398784,28128,False,-1,0,TAAAATGTCTGA
275951698112,28160,False,-1,0,AACGTAGTGCCC
4210688,28192,False,-1,0,CCCACAGATTCA
549760008256,28224,False,-1,0,AGGACGCAATGG
825707479168,28256,False,-1,0,GACCCCAAGGTT
275960070144,28288,False,-1,0,TGGTTCACAGCT
275960070272,28320,False,-1,0,GGAACTTAGATT
3225419840,28352,False,-1,0,CAATCAACACCA
277037990016,28384,False,-1,0,ATTGGCTACTAC
274890489920,28416,False,-1,0,TCGTGGTGGTGA
1086373888,28448,False,-1,0,GCCCCAGATGGT
827859173440,28480,False,-1,0,GGCCCAGAAGCT
278111715456,28512,False,-1,0,CAAAGAAGGCAT
275960037568,28544,False,-1,0,GAGCCTTGAATA
12615744,28576,False,-1,0,ACCCGCAATCCT
826785398848,28608,False,-1,0,GCTACAACTTCC
277025423424,28640,False,-1,0,AAGGCTTCTACG
826785448064,28672,False,-1,0,AGTCAAGCCTCT
4243584,28704,False,-1,0,TCGCGGTAATTC
3229646976,28736,False,-1,0,GCAGTAGGGGAA
550833782976,28768,False,-1,0,AGCGGAGGTGGT
49152,28800,False,-1,0,GCTGCTAGACAG
1077936128,28832,False,-1,0,AAGTTTCTGGTA
12615680,28864,False,-1,0,CAAACTGTCACT
825707511936,28896,False,-1,0,ATCTAAAAAGCC
1077952704,28928,False,-1,0,CAAAACAGTACA
549760040960,28960,False,-1,0,AGACGTGGTCCA
274886295552,28992,False,-1,0,CGGGGACCAAGA
551903313920,29024,False,-1,0,ATTACAAACAGT
825711689920,29056,False,-1,0,GCTCCAAGTGCC
551907541120,29088,False,-1,0,ACGCATTGGCAT
3229663232,29120,False,-1,0,CATGGCTGACTT
274882134016,29152,False,-1,0,GATGACAAAGAT
275964248256,29184,False,-1,0,CATACTGCTGAA
274882101376,29216,False,-1,0,AAACATTCCCAC
16448,29248,False,-1,0,AAAAAGAAAAAG
16512,29280,False,-1,0,GCCGCAGAGACA
278099132608,29312,False,-1,0,CTCTTCTTCCTG
274882101376,29344,False,-1,0,TCCAGACAACTT
1077936192,29376,False,-1,0,TTCTGCTGATTC
1086341248,29408,False,-1,0,TGATGACCACAC
826781253824,29440,False,-1,0,ACGTTTTCGCAA
3233824768,29472,False,-1,0,CTACTCTTGTGC
3233824768,29504,False,-1,0,AACAGCACAAGT
