825711673408,32,False,-1,0,GATTGCGAGCGA
827867578560,64,False,-1,0,TTCACTGATCTC
1077952640,96,False,-1,0,CTAAACTTTATA
552989671424,128,False,-1,0,TCTATGCCTGTG
1086324864,160,False,-1,0,GTGTCTATATTC
552989622272,192,False,-1,0,TCAGCCAGGGAC
550837944512,224,False,-1,0,GCCCACCCATAG
275951681600,256,False,-1,0,CAAATACGGTCT
827863351424,288,False,-1,0,AATTTCCATGGA
277038006464,320,False,-1,0,AAGTTGGACAAC
274882101312,352,False,-1,0,TATAGTATGCTC
827863335104,384,False,-1,0,AAACAGGCGGAA
277037973504,416,False,-1,0,ATGGTGGATTGT
549768396928,448,False,-1,0,ATGTTGTGTGCA
278111715456,480,False,-1,0,TTGTTATGAATA
550837993600,512,False,-1,0,GTGCTACTTCAA
825711656960,544,False,-1,0,AGCAGTTTTGGT
552977072320,576,False,-1,0,CTCTGGAGGCAT
3233857664,608,False,-1,0,CCTAATGGATGG
824642125952,640,False,-1,0,TAGAAGTGTGTG
825711706304,672,False,-1,0,TTAACAAGCATG
552989655104,704,False,-1,0,ATTGACCCTGCG
826793803904,736,False,-1,0,TCAATTTGTGGG
1073791168,768,False,-1,0,TTATGCCTGTGC
827867578496,800,False,-1,0,CCTTGGGTTATG
274877956160,832,False,-1,0,AAAGGGTGCCTA
3221274624,864,False,-1,0,GCGGTTTTGAAC
552989655040,896,False,-1,0,GAGGATGCTTAC
824633770112,928,False,-1,0,TAAGGGTAAGTT
3229614208,960,False,-1,0,TAATTAGAGGAT
274890522624,992,False,-1,0,CTTTATGTAGAC
2160099520,1024,False,-1,0,TGGTGGTCTTGC
824633720832,1056,False,-1,0,CTGATAAGACAT
16576,1088,False,-1,0,TTTCCTATTTGG
1086357632,1120,False,-1,0,TGTAACTGTGGC
824637948096,1152,False,-1,0,CACGTTATGTTA
550842171392,1184,False,-1,0,ACTATACGTAGT
551911735424,1216,False,-1,0,TACTGAAGACTT
827867545792,1248,False,-1,0,TAAAGGAACCTG
274890539200,1280,False,-1,0,TCTATTATTTTA
827867562112,1312,False,-1,0,CATTATGAGTTG
278107570368,1344,False,-1,0,CAGTTGTAAATG
827863384192,1376,False,-1,0,AAAGATTGTGGT
2160115904,1408,False,-1,0,TATTGACTGCGA
278099181760,1440,False,-1,0,AAGGTTGGGTTC
2160099328,1472,False,-1,0,TTTGCTTGCACT
551903346816,1504,False,-1,0,GACAGGTGATTT
3233808576,1536,False,-1,0,TTCTGCCTGTTA
826793820288,1568,False,-1,0,AGTGCAGCAGGT
278107521152,1600,False,-1,0,GGATTCTTTTAC
552989655232,1632,False,-1,0,TTTATTTTGGAG
827867578368,1664,False,-1,0,GCACGTAATATA
826789626048,1696,False,-1,0,TTCTGTTAAGTC
550837993472,1728,False,-1,0,CTGGAGTTGTAG
2147532800,1760,False,-1,0,GAAACAAATCTC
8405184,1792,False,-1,0,TGATTATGTTCA
824642126016,1824,False,-1,0,ACCAGCGGGAGT
827854946432,1856,False,-1,0,TGGCATAAACAA
826781253824,1888,False,-1,0,GTACAAACCTCT
552989655040,1920,False,-1,0,TTAATATGCGGC
825720094912,1952,False,-1,0,ACTTTTACTGTT
827867562112,1984,False,-1,0,TTTTCTTTTAGA
827859157184,2016,False,-1,0,ATTATTTGGCAG
3225452736,2048,False,-1,0,GACTACGCAGAT
3233857728,2080,False,-1,0,GTCTAAGAGTAA
549755814080,2112,False,-1,0,TGGATTCTTTAA
549764218880,2144,False,-1,0,AATTCTAAAATT
12632064,2176,False,-1,0,TAGTGATTTTGG
826793803968,2208,False,-1,0,TTGTTCATTTCT
825715900608,2240,False,-1,0,ACTGCTCTTGCA
827867529344,2272,False,-1,0,TGTTTTGCATGG
827854995648,2304,False,-1,0,GTGATATATATT
550829604992,2336,False,-1,0,TATGCTAGTGCT
825707511808,2368,False,-1,0,TGTTGCTAAAGT
1086357696,2400,False,-1,0,TTACTTTTATTG
3233857664,2432,False,-1,0,ATTGGACGTAGA
2155888832,2464,False,-1,0,TAAAATTTATGA
824642158784,2496,False,-1,0,ATTCATCTCAAT
12582976,2528,False,-1,0,TTAACCATGCCT
827854995584,2560,False,-1,0,GCAAAAACCTAT
824633770176,2592,False,-1,0,CTGATTTTTCAT
827854995584,2624,False,-1,0,GTTGTTACAACT
826785447936,2656,False,-1,0,TTCTGAACCACC
3221241984,2688,False,-1,0,GCATTGTGGATA
825720078336,2720,False,-1,0,GGTGACAAATAT
277025390592,2752,False,-1,0,TCATGTAGGACT
551911702720,2784,False,-1,0,TTCCTTGTGCTG
549764235392,2816,False,-1,0,GAACAGCCTACA
826793836608,2848,False,-1,0,ACCTAAGACTAT
3233808576,2880,False,-1,0,ACAAAGATTTTA
552989622464,2912,False,-1,0,TGTGGAGTGTTT
826793820288,2944,False,-1,0,TATGGAGGAATT
3225452672,2976,False,-1,0,CCATAGAAGAGA
550829555776,3008,False,-1,0,CTTGAAGGTGTA
2147500224,3040,False,-1,0,TTTACAGAAATT
275960086720,3072,False,-1,0,TATTTGATGAGG
825720078400,3104,False,-1,0,TCTAAATTGTAT
826781253760,3136,False,-1,0,AGATGATGACTT
824642109632,3168,False,-1,0,AAGAAGATGATG
1073758336,3200,False,-1,0,TTAACTGTCACA
551907540992,3232,False,-1,0,TGCCAGTGAACA
827863351488,3264,False,-1,0,TAGAGGACACTT
824646336512,3296,False,-1,0,GAGACATCTGAT
826781253824,3328,False,-1,0,AGAAATGTCGGA
8421568,3360,False,-1,0,TGATTCAGGATT
550829588480,3392,False,-1,0,TTTTATACTACA
825707462720,3424,False,-1,0,TTTGGATCTGTA
824642158592,3456,False,-1,0,ACAATTGCTGGT
277025390592,3488,False,-1,0,ATGCAGAAACTG
827867529216,3520,False,-1,0,AAATTTGCAGGA
2155872320,3552,False,-1,0,AACAGTATAGTC
275964264640,3584,False,-1,0,GTTAATAAGATA
826781253824,3616,False,-1,0,ACAAGGTGGTTA
827867529408,3648,False,-1,0,GGTTCTTAACCT
827854979264,3680,False,-1,0,GCATACTGGAAA
3221274816,3712,False,-1,0,TCTTAAGCTTAA
825711706176,3744,False,-1,0,TTTATGGTGATG
3233841344,3776,False,-1,0,TGTGGTGAGTCT
1086373888,3808,False,-1,0,TGTGCCATTTAC
549755830400,3840,False,-1,0,ATAAGTTGTTTT
550842171392,3872,False,-1,0,AGTGTGTATAAA
824637964416,3904,False,-1,0,TAATGATAGTCA
3225469120,3936,False,-1,0,GTAAACAAATTG
3233808576,3968,False,-1,0,ATTACTAGTGAT
3233857728,4000,False,-1,0,GCATGGTATGTC
827867561984,4032,False,-1,0,AAATTGCCCAAT
827854979264,4064,False,-1,0,CCTAATGTATGT
551903297664,4096,False,-1,0,TAAAGTTTCTAA
278103375872,4128,False,-1,0,TTGTAAATCCTG
549768429760,4160,False,-1,0,GGTGGTGGTGTT
551903330304,4192,False,-1,0,AGCTGGACAGCA
274886328512,4224,False,-1,0,ATATGGTTAAGT
550829588480,4256,False,-1,0,GGAGACTGTTAT
549768446016,4288,False,-1,0,ATGTAAAACTGT
3225452736,4320,False,-1,0,ATGCGAGAACAC
549755830272,4352,False,-1,0,TTGTTAGAGCGT
824637948096,4384,False,-1,0,ATATGATTGTGT
551915880576,4416,False,-1,0,CTGGTATATTTA
277038006272,4448,False,-1,0,TTAACATATCTA
824633720960,4480,False,-1,0,AGTTGTTCTTGT
277029634240,4512,False,-1,0,TTGATCTTATTT
8421504,4544,False,-1,0,GTTGAGGGCACT
1077952704,4576,False,-1,0,TTCTTTTAATGT
2147532864,4608,False,-1,0,AAACAGATGCTA
550829555904,4640,False,-1,0,GACGTTGCATTT
3229663232,4672,False,-1,0,ACAGGATGTTTT
49344,4704,False,-1,0,CACTTGATGATG
552989655168,4736,False,-1,0,AGCAATGTTGAT
552977088640,4768,False,-1,0,TGTTGTCAATAA
3229646912,4800,False,-1,0,TTAGAACCGTTA
826789593280,4832,False,-1,0,GGCATAGATATA
551911735296,4864,False,-1,0,TGGTTATGTACA
3229663424,4896,False,-1,0,CTACTGTTGCTC
3221258240,4928,False,-1,0,GATAAAGTGGAC
824646336640,4960,False,-1,0,TGTCAATTTCAC
551907524800,4992,False,-1,0,GTGAAAGTTTTG
549760008192,5024,False,-1,0,TTCTGTGATGGA
824642109632,5056,False,-1,0,GTGTGATATAAA
3221225664,5088,False,-1,0,TCCAGTTTGATA
1086373888,5120,False,-1,0,AAGGCTGTAAGA
827854962752,5152,False,-1,0,GAAGGAATTGCT
2155921600,5184,False,-1,0,TTAATTGTTCTA
3229646848,5216,False,-1,0,GGTAAGTATTTC
826785415168,5248,False,-1,0,CAATTGTTTTGT
2160066752,5280,False,-1,0,TCCAGAGTTTGA
551915929728,5312,False,-1,0,CAATGGCAGGAG
827867578496,5344,False,-1,0,TGGCCGCCCTGC
552989655232,5376,False,-1,0,TAGCCAAAGGTG
552985460928,5408,False,-1,0,GCTGACTCTAGA
824642109632,5440,False,-1,0,TAGTCAAGTTGA
278111748096,5472,False,-1,0,ATTTTGAAATTG
2155905216,5504,False,-1,0,CAGGAACAGCGT
8388672,5536,False,-1,0,GCATTTTGGTAC
277037989952,5568,False,-1,0,AGATTGGTTACA
277025439744,5600,False,-1,0,AAAAAGCTAATC
824633720960,5632,False,-1,0,ACCATTTTTAAT
277033812160,5664,False,-1,0,GTGTAAAATTAC
549764235264,5696,False,-1,0,AATATTTTTAAA
551903346752,5728,False,-1,0,TGTTCATGTTAA
278099132608,5760,False,-1,0,TTTATGATGCTT
3221274816,5792,False,-1,0,GACGTTACTGGC
550833799360,5824,False,-1,0,TCTTAAAAATTT
3229614272,5856,False,-1,0,TGTTAACCACCT
1077985280,5888,False,-1,0,AAAATTGAGTAT
49216,5920,False,-1,0,TTATTGTGACGG
274877923520,5952,False,-1,0,GTATTATTAAAG
549768445952,5984,False,-1,0,AAAGTAGATGGT
278099181568,6016,False,-1,0,GATAGGACACAC
827867529344,6048,False,-1,0,CTAAGTTGGGTT
550837960768,6080,False,-1,0,GTTGAATATAAA
552981282944,6112,False,-1,0,TACAGGTGATGT
550829588672,6144,False,-1,0,TGTATGTTAAGA
278099181696,6176,False,-1,0,ACTTTTGGTAAA
274882101440,6208,False,-1,0,TGAGCAAGCTTC
826789593280,6240,False,-1,0,TTAATAGACCTT
3233841152,6272,False,-1,0,TTTGATGTTTTA
277033828352,6304,False,-1,0,TGGTGGTGATAT
825707462656,6336,False,-1,0,AATCCAAAGAAA
278107553792,6368,False,-1,0,GGTGTTAAAAAA
826785447936,6400,False,-1,0,TGTCATAGTTAA
551903346880,6432,False,-1,0,AATATGTTAAGA
275964231680,6464,False,-1,0,TATGATATGTGG
826793803904,6496,False,-1,0,TGTTAGAACTGC
274877956096,6528,False,-1,0,TTAACGTACCTA
278111731904,6560,False,-1,0,TTTGGTATGACT
2160099456,6592,False,-1,0,TTTGTTAAATTT
3225419776,6624,False,-1,0,TTAATGTGGTTA
3233857728,6656,False,-1,0,TCTGCATGCTTT
827867529408,6688,False,-1,0,TGTCTTATTATT
827854962688,6720,False,-1,0,CTGATAATAAAG
2155905088,6752,False,-1,0,GCATCAAAGCTT
827867529216,6784,False,-1,0,AGCTTTTAAAAA
274886328512,6816,False,-1,0,GGAGTGTGGTTG
278107521216,6848,False,-1,0,GCGACTATATTT
3229663424,6880,False,-1,0,ATATGCCAATGT
550833766592,6912,False,-1,0,TGCCTAAAATTG
277037973568,6944,False,-1,0,GGTAAGATCGCA
827854946496,6976,False,-1,0,TAGTCTTGTAAC
552977039552,7008,False,-1,0,TTCAGGATGTGG
551903346880,7040,False,-1,0,AATGGAAGTATC
551903346816,7072,False,-1,0,AGGATTTGATAT
3229614208,7104,False,-1,0,TTGATGTAGTAC
825720094720,7136,False,-1,0,GCATTTGTTGAT
551911702592,7168,False,-1,0,TGTCATTGAATT
825720094912,7200,False,-1,0,ATACGGCATGGT
3225469120,7232,False,-1,0,ATTAGTATTCAG
549760008384,7264,False,-1,0,TGAGCTTTTTAT
826793803968,7296,False,-1,0,GTGTTAGGTTGC
552985477120,7328,False,-1,0,TTACCAGCACAT
824633753600,7360,False,-1,0,TATTATTGCCTC
825715884224,7392,False,-1,0,TGTTTAGGCATG
826785398784,7424,False,-1,0,CCTGGTTGTTTG
827863384192,7456,False,-1,0,TAGTCTACGTGT
552985477248,7488,False,-1,0,GTGGCATGATAC
552989622272,7520,False,-1,0,AATGGTGGCACT
827854995456,7552,False,-1,0,ATGGAATTGCAT
827863334976,7584,False,-1,0,CAGGTAATACTT
8405056,7616,False,-1,0,CTTGATTTATCT
826781253760,7648,False,-1,0,TCAGCCTACAGA
3233808512,7680,False,-1,0,CGGATGTTAAGC
274877923392,7712,False,-1,0,TTGTTCTATGAG
824646353024,7744,False,-1,0,TGATGATGTTAA
827854995584,7776,False,-1,0,ATAGTAATTTGC
278107553792,7808,False,-1,0,GTGCCTAATATG
12632192,7840,False,-1,0,TGATGCCGATAA
277038022656,7872,False,-1,0,CTGTATTTTATG
549768396864,7904,False,-1,0,ATTTTAATGGTT
827867529216,7936,False,-1,0,TGCTAATACTGG
2147532928,7968,False,-1,0,TGTTTGATGTTT
549764218880,8000,False,-1,0,ATGTTTGATGTG
825711706112,8032,False,-1,0,TTTAATAGCAAC
827863384256,8064,False,-1,0,AGGGTACGCAGA
551903346752,8096,False,-1,0,TTTTTAAGCTGT
824633770112,8128,False,-1,0,TGATTCAGATGT
278111731776,8160,False,-1,0,ATTCTGTCATGT
551915880640,8192,False,-1,0,GAATTGACGGAT
551903314048,8224,False,-1,0,GCCAACATATTT
552977039552,8256,False,-1,0,CAGCTGATTTAG
277038006272,8288,False,-1,0,GCTAAGCATGTG
274886344832,8320,False,-1,0,AGCCGGTGTTTC
827863384192,8352,False,-1,0,CTTTTAATCAGC
551915880576,8384,False,-1,0,AAATTGAAGAAA
827854979072,8416,False,-1,0,GAAATTGAAGCT
824633737408,8448,False,-1,0,CTAATGTCTCTG
552989671616,8480,False,-1,0,CTTAAAGGGGGT
827863367872,8512,False,-1,0,TTATGTATGTTT
550829572288,8544,False,-1,0,TTATTGGATTGT
824646320192,8576,False,-1,0,ACAGTACACAAA
826793836672,8608,False,-1,0,TTATGCCAGTTA
825715851456,8640,False,-1,0,TTATTAGAGATG
824633753600,8672,False,-1,0,TTCGCTAACAAA
2160115904,8704,False,-1,0,GTATGAGTCTAC
278099181760,8736,False,-1,0,GTAACAGTATGG
552981233856,8768,False,-1,0,GTAGTAGACCAG
277037973632,8800,False,-1,0,TAATGTCCCTAC
3221225472,8832,False,-1,0,ACCATGTGTTGC
549768396864,8864,False,-1,0,TCTGCTGATGGA
552977088640,8896,False,-1,0,TAGTCAAATATC
825715884224,8928,False,-1,0,GTGGCTGTGTGC
551915896896,8960,False,-1,0,TTTGCAATGGCC
550842171520,8992,False,-1,0,TTGTTATACAGA
277029585024,9024,False,-1,0,CTCTGTATAGTT
1073791168,9056,False,-1,0,TATAATCTTGCT
550829555840,9088,False,-1,0,TTTTCCAGAAGT
278099148992,9120,False,-1,0,GTATTGTGCGTA
824633753600,9152,False,-1,0,AGAGTTGGATTA
274886344832,9184,False,-1,0,TATATGCTTTAA
3233857728,9216,False,-1,0,TTAATAATGATT
12615872,9248,False,-1,0,ACCTTTTGTGGT
826793787456,9280,False,-1,0,TTATCAGCTTTT
277033812160,9312,False,-1,0,TGGATTTCTTGG
275951681728,9344,False,-1,0,GCTGGTGCTATA
274877956160,9376,False,-1,0,GGTGTTTTATTA
1073791168,9408,False,-1,0,CTTTTGGTGATT
826781253824,9440,False,-1,0,AATGTGATTGTG
826781253696,9472,False,-1,0,GCTTTTTGTGTT
278111764672,9504,False,-1,0,CTTGTGTATATG
275960037568,9536,False,-1,0,ACGCTTTATTTC
1086357632,9568,False,-1,0,AATGCATTTACA
826793836544,9600,False,-1,0,CTATTATGCCTT
550842171584,9632,False,-1,0,ATATCTGTTGTT
274886344704,9664,False,-1,0,GGTATTCGCTTA
3233808384,9696,False,-1,0,CTGTTCGTAGTG
827867529216,9728,False,-1,0,GCTCTTACTACT
824637948032,9760,False,-1,0,TTATTGTAAGCT
552977088704,9792,False,-1,0,TTGCTTTTAATA
826793787392,9824,False,-1,0,AAATATAGGTAT
551907541056,9856,False,-1,0,TGCTGCATATAG
827867545792,9888,False,-1,0,TGGCTAAAGCAA
552981250112,9920,False,-1,0,AATGGTAGTGAT
3233841344,9952,False,-1,0,TGCTTCCGTTTC
827859157184,9984,False,-1,0,GTATTGTGAAAA
3233808384,10016,False,-1,0,GTAGAACCATGT
551915913344,10048,False,-1,0,TAATATGACATT
550833799168,10080,False,-1,0,ATAAGGTCTACT
1086357504,10112,False,-1,0,TCTGCTTCAGAT
826785398912,10144,False,-1,0,AAATTTGTTGTG
827867562176,10176,False,-1,0,TTACTGTATTGT
278107570368,10208,False,-1,0,GTGATGTCTTAT
550829604928,10240,False,-1,0,TGTTCTTACAGT
278107570176,10272,False,-1,0,CGCCAAAATATA
3221258240,10304,False,-1,0,GGTGAGACTTTT
2160115712,10336,False,-1,0,CGGCAAACCACA
1073774656,10368,False,-1,0,TGCGTAGTAGTT
826793820160,10400,False,-1,0,TTATGCGGATCT
826781253824,10432,False,-1,0,GCTAATGGGTGA
3221258432,10464,False,-1,0,TGCATCAATTGG
824642158592,10496,False,-1,0,ACTGGTACTGAT
825720062144,10528,False,-1,0,TCCTTATAAGGA
12632256,10560,False,-1,0,CCGTTCAGGATT
825720061952,10592,False,-1,0,GTAGCATGGCTT
825715900608,10624,False,-1,0,TTGTAATTGGTT
827867545728,10656,False,-1,0,CTGTTGAAGATT
278099165376,10688,False,-1,0,AATGGGTTTAGC
3233857664,10720,False,-1,0,TATAGATGCTTT
826789642368,10752,False,-1,0,CTTTGGAAACAT
824633737408,10784,False,-1,0,CTCAAGAATGGT
277025390592,10816,False,-1,0,GGGTAGTTGCTC
4210880,10848,False,-1,0,CTAGCGATGTTT
2160115904,10880,False,-1,0,AAGTTACAATCA
824646352896,10912,False,-1,0,AGGCATTGTTTG
549755830464,10944,False,-1,0,TTTTGTTTAGTT
827867529280,10976,False,-1,0,AAATGGACTATG
827863335104,11008,False,-1,0,TATGCTTAGTAT
277038022656,11040,False,-1,0,TTATAAGTTTGG
825715851456,11072,False,-1,0,AAGCATCTTTAT
1073758400,11104,False,-1,0,TGTGCTTTTTAC
2160099392,11136,False,-1,0,TGGTTGTGTACA
275964264512,11168,False,-1,0,GTTTATGCATGG
824633720832,11200,False,-1,0,AGTTGAGTATAC
827863384128,11232,False,-1,0,ACGGCATGTTAT
3225452736,11264,False,-1,0,GTTACATTACGT
551911735296,11296,False,-1,0,TTCTTTTATAAT
826781237440,11328,False,-1,0,CTGTTGTCTCTT
3233857600,11360,False,-1,0,TTAGAGGAAGAA
824642109568,11392,False,-1,0,TCTTTTTGGTAC
274886344896,11424,False,-1,0,TATCTATGGCTG
3229663296,11456,False,-1,0,TGGGTTGCTGTG
824646353088,11488,False,-1,0,TATACCTCAAAT
552977072320,11520,False,-1,0,ATTTGTTTATAG
827863335104,11552,False,-1,0,TGGGGTTTGTTT
551903346688,11584,False,-1,0,TAGAATGCCTTT
12632256,11616,False,-1,0,TTTCAGTACAGG
275960037568,11648,False,-1,0,AATGGATTGCGC
827854995584,11680,False,-1,0,AGCCCTTATGCT
278107570368,11712,False,-1,0,TTGGAGGTGTGC
825720045696,11744,False,-1,0,TTTCAATCAAAA
549764235328,11776,False,-1,0,TAATGTTGTCTT
278099181696,11808,False,-1,0,TGCATGTTGCTT
824646303936,11840,False,-1,0,TATTGTAGCACT
551907540992,11872,False,-1,0,CACTTCTGATCT
827867578560,11904,False,-1,0,TTGCTCAGTTGT
551911702592,11936,False,-1,0,CCAGCTGCTGTG
826781220864,11968,False,-1,0,TATTGAAGAAGT
826793787584,12000,False,-1,0,ACAATACTGTTT
551907524608,12032,False,-1,0,TTTGTTAATATG
1073774656,12064,False,-1,0,AGTTGCTAAGAA
278103326720,12096,False,-1,0,CTAGTGGTTCTG
551915913216,12128,False,-1,0,CAGCTAGAGAAA
275955843072,12160,False,-1,0,TGCTTATGAACG
824646320192,12192,False,-1,0,AGTTGGAGCGTA
550829555712,12224,False,-1,0,AATATGTATAAA
827859173376,12256,False,-1,0,GAAGAGTAAGGT
826781253824,12288,False,-1,0,TGCTTTTTAGTA
827854946368,12320,False,-1,0,CAAGCTCTGAAT
3221225536,12352,False,-1,0,GAAGGGTTGTGT
3221274816,12384,False,-1,0,CATTGGCTGCAA
549768429760,12416,False,-1,0,CCAGATAAAAGT
827859189888,12448,False,-1,0,CAATGTCTATGT
275960053952,12480,False,-1,0,GGCAGATTCAAA
824642158592,12512,False,-1,0,ACAAATAAGCAG
2160115712,12544,False,-1,0,TTGTAACTGGCC
827854995584,12576,False,-1,0,GGCATAATGAGG
1086373888,12608,False,-1,0,AATAATGAATTA
826785447936,12640,False,-1,0,TCAGGTCGTTAA
274890490048,12672,False,-1,0,GTAACACACCTA
3233841344,12704,False,-1,0,AGTAACAATGGG
825707511808,12736,False,-1,0,TAGTGATGTTGA
1086374080,12768,False,-1,0,TTCTTAAAGATG
277025390784,12800,False,-1,0,GAGTTAGATCCT
824646336576,12832,False,-1,0,AGATGTTAAAGG
552977088512,12864,False,-1,0,ATTTTGTAAAAG
550842187840,12896,False,-1,0,GGCTGGGTTGTT
824637964480,12928,False,-1,0,TAGATTGCAAGC
274890539200,12960,False,-1,0,CTTCCAACTCAT
274877956288,12992,False,-1,0,TTTTCTGTAGAT
551907541120,13024,False,-1,0,TTTTATACAGCA
826789593280,13056,False,-1,0,ATTGTGTTAAAA
1086341120,13088,False,-1,0,ACCGGTATGGCC
552977088640,13120,False,-1,0,TACCACTAATCA
1082163392,13152,False,-1,0,CTGTTTGTATAT
551911686336,13184,False,-1,0,CACCCAGATGTT
2151677952,13216,False,-1,0,CGGCAAGTTTGT
278111731904,13248,False,-1,0,AAGATCCTGTGT
826793803776,13280,False,-1,0,GTTTGTCAAGTT
824637931520,13312,False,-1,0,AAGTTGTTCATG
3233857600,13344,False,-1,0,TTCAGTCAAAAG
549764235328,13376,False,-1,0,TTCGGGGTACGA
552989655232,13408,False,-1,0,CCCTGTGCCAGT
824642158592,13440,False,-1,0,ATTAAGGGCATT
549768396992,13472,False,-1,0,TTGCTGGCATTG
277038006272,13504,False,-1,0,TGCTGCCGTTTT
827867578368,13536,False,-1,0,TGATAAATTAGA
274877939840,13568,False,-1,0,GGACAGATCTGA
278099181568,13600,False,-1,0,GAATGCTATGAG
278111715456,13632,False,-1,0,TGTGGCTGAACA
551907540992,13664,False,-1,0,TAGAAGGTAGTC
12632064,13696,False,-1,0,AAGGATTTAACA
550842187776,13728,False,-1,0,TTGCTATGCGTT
827854995648,13760,False,-1,0,ATTGCATGCTGC
549760057408,13792,False,-1,0,TATGCTGGTTGT
827867529280,13824,False,-1,0,GAAGGATTGGTA
827854995456,13856,False,-1,0,ATATTATTAATG
552989655104,13888,False,-1,0,ATTTTTAATAGA
2147483840,13920,False,-1,0,GTTTGCAGACAA
278099132608,13952,False,-1,0,TAGGCATTTTAA
824646336512,13984,False,-1,0,AATGGTAAATGG
3229663232,14016,False,-1,0,TATTGCAGCCCC
3221274816,14048,False,-1,0,CAGACTCTTATT
275960086528,14080,False,-1,0,CTGACCATGTGT
827863335040,14112,False,-1,0,GTATGTGAATAA
3229614208,14144,False,-1,0,TTGTACAGTATG
12599424,14176,False,-1,0,GAATTGTTTAAT
824637964480,14208,False,-1,0,TATGCCATACCA
550833782976,14240,False,-1,0,AGGATGATCGGT
826789642304,14272,False,-1,0,TTTAACATACTT
550842171392,14304,False,-1,0,TACATGTTTTGG
827863384064,14336,False,-1,0,TTGTGGATGGTG
12583104,14368,False,-1,0,GGATACCATTAT
549755863104,14400,False,-1,0,GAATATGGATGT
2160066752,14432,False,-1,0,TGTCTTTAAAAG
278111748224,14464,False,-1,0,GATCCAGCTTTG
8437760,14496,False,-1,0,ATTGTATGATTT
275960037568,14528,False,-1,0,TTGCGGCTATAA
549768413184,14560,False,-1,0,ACAGTTAAACCT
824633737280,14592,False,-1,0,TTATGATTTTAT
278103326784,14624,False,-1,0,AAGAGGGTAGTT
551915913408,14656,False,-1,0,TTCTTTACGCAG
824633770048,14688,False,-1,0,TGATTATAATTA
826793836736,14720,False,-1,0,CCATGGTGGACA
824646336704,14752,False,-1,0,TTGGAAGTTGTT
825711657088,14784,False,-1,0,TGATGGTGGGTG
3221241920,14816,False,-1,0,TTGTTAATAATT
826781204672,14848,False,-1,0,CCATTTAATAAA
3221258368,14880,False,-1,0,TTATGAAGCATT
3225419840,14912,False,-1,0,AAATTTACGCCT
278111715328,14944,False,-1,0,CCAACACTTACT
549760024704,14976,False,-1,0,TATTAGTGCTAA
827854995648,15008,False,-1,0,CTGGTGTTTCCA
274890489984,15040,False,-1,0,AGAATGTTTCAT
826785447936,15072,False,-1,0,AGCAGCTACACG
827863367872,15104,False,-1,0,GCACCACTAAAT
278099165184,15136,False,-1,0,ATGTTACGTCGC
552977088512,15168,False,-1,0,TCCTGTACTTAT
824633770176,15200,False,-1,0,GTGATCGTGCTA
552989622272,15232,False,-1,0,GTTAGTAGTCTG
549755846848,15264,False,-1,0,GGCATGTTGTTC
1077985408,15296,False,-1,0,GACTTGCGAATG
826785447936,15328,False,-1,0,GAAATTGTTATG
274886344832,15360,False,-1,0,TAAGCCTGGTGG
278107570240,15392,False,-1,0,CTACTGCTTTTG
825720094784,15424,False,-1,0,TGTCAAGCTGTT
824633770112,15456,False,-1,0,AATGTCATGCAA
278099165184,15488,False,-1,0,TGAGTATACGTG
2160099328,15520,False,-1,0,TCACATGTGTAT
3221225664,15552,False,-1,0,AACCTTTGTCAC
551903346880,15584,False,-1,0,ATAAGCATTTTA
824646336512,15616,False,-1,0,GATGGCGTTGTG
826781204608,15648,False,-1,0,GTCCAAAGGGTA
827859140672,15680,False,-1,0,TTCAACAGGTAT
824646336512,15712,False,-1,0,TTTATGTCAGAA
825707462848,15744,False,-1,0,TGACATAAATAA
827854995648,15776,False,-1,0,CACAACACACAA
275964264512,15808,False,-1,0,GACGATGTCTAT
2155921536,15840,False,-1,0,TCGTATATTAGG
278107570176,15872,False,-1,0,ATTTGTTAAAGA
3221258304,15904,False,-1,0,GAACGATTTGTA
277025390784,15936,False,-1,0,TCCACTTGTGTA
552989622464,15968,False,-1,0,AAAAGGTTTTTC
8388608,16000,False,-1,0,AAGAAGTTGTAC
277037973504,16032,False,-1,0,CTTGGATAGCTA
3229614144,16064,False,-1,0,GTGATGGACAAA
827854979264,16096,False,-1,0,TACAAGAACATG
3233824960,16128,False,-1,0,GCAGAGTGTTGG
827863367744,16160,False,-1,0,CTCAAACATCAT
277029634176,16192,False,-1,0,AGAAAGCCTCTT
549755863232,16224,False,-1,0,CGATCATGTTAT
274886328512,16256,False,-1,0,TTTTGAGTGTTT
549768396800,16288,False,-1,0,CCAGGATGTGAT
827854995584,16320,False,-1,0,GTATCTAGGTGG
3233808512,16352,False,-1,0,ATCATAAGCCAC
552989671424,16384,False,-1,0,ATGAATGGTATG
1073741952,16416,False,-1,0,ATCTTGTACAGG
278099165376,16448,False,-1,0,TTAATCGTATAG
3233841280,16480,False,-1,0,GTTGATGATTAC
3225419776,16512,False,-1,0,AGAGCGCTTGAA
12583040,16544,False,-1,0,AAAAGGCGACTG
3221225664,16576,False,-1,0,TATGCATCAGCA
550833782784,16608,False,-1,0,CGAGCGCGAATT
274877907136,16640,False,-1,0,GAAAAGTGAAGC
824646303744,16672,False,-1,0,GTTTTTACTGGC
2147532928,16704,False,-1,0,CAAGACAGTTTT
278107521216,16736,False,-1,0,AGAGTGAGTTGA
824633753728,16768,False,-1,0,GCCACAACCACT
3221225600,16800,False,-1,0,TGTTTTTGTTTT
277033795712,16832,False,-1,0,ATTTAAGTGCTC
2151678144,16864,False,-1,0,AATTATAGTAGT
552977055872,16896,False,-1,0,TAGTGTGCTTGA
3221225664,16928,False,-1,0,TTAATTATCAAC
550842138752,16960,False,-1,0,TGCACCGTGCAA
826793836736,16992,False,-1,0,GTCACATCTTGC
549768413312,17024,False,-1,0,ATTGTACAGCAC
549755863040,17056,False,-1,0,AGCCATGCAGCT
824646353088,17088,False,-1,0,AGCATACAAATT
275960070272,17120,False,-1,0,CTCGTATTGTTC
824646336576,17152,False,-1,0,TGCTATGATAAG
549760008320,17184,False,-1,0,TCGTAAGTATGT
827854995648,17216,False,-1,0,TACCTGAGATGG
3225468928,17248,False,-1,0,GATGAAGTTAGT
825720094720,17280,False,-1,0,TTCTGTTATTAA
827859156992,17312,False,-1,0,ATTATGTTTACA
552985428096,17344,False,-1,0,CCAGCACCACGT
3221274624,17376,False,-1,0,ACTTGAACCTAA
549760008384,17408,False,-1,0,AGCTTATGTGTT
826793787392,17440,False,-1,0,CTTGGTACATGT
551915929728,17472,False,-1,0,TGTTGATACAGT
277033812160,17504,False,-1,0,ATAAGCTTAAGG
549768429760,17536,False,-1,0,TTGTGTTTTAAG
824637915136,17568,False,-1,0,AACACATGAAAG
827854995584,17600,False,-1,0,AGCAGATTTATT
824633753792,17632,False,-1,0,GCTAACCCTTTG
825707511936,17664,False,-1,0,TAGCCCATATAA
551903297600,17696,False,-1,0,AGCGTGTTTTGG
550829588480,17728,False,-1,0,GATTCTGCTCAA
551903297600,17760,False,-1,0,TATATATTCACA
1073791168,17792,False,-1,0,CTGTAAATGTTA
2160115904,17824,False,-1,0,ACTCGAGCCAAG
552977039424,17856,False,-1,0,GAGTAATATGCA
274877956096,17888,False,-1,0,TTACTACATTGA
3221225536,17920,False,-1,0,GCCGTTGAAACG
824633769984,17952,False,-1,0,TTTATTTAAAGA
275955859648,17984,False,-1,0,GTTACCACCCAG
8388736,18016,False,-1,0,GCAGTAGATGAC
826793787584,18048,False,-1,0,TTTAGCCGTGTG
274877923392,18080,False,-1,0,CTGTTACATATT
552981266560,18112,False,-1,0,GGTTTTAAACTT
824633720960,18144,False,-1,0,TTGTAAGCTTTT
552985460928,18176,False,-1,0,TTAAACGCGTGC
275960070272,18208,False,-1,0,GCTGAAGGCGCT
275951648960,18240,False,-1,0,TGGGACAAATTT
3229614144,18272,False,-1,0,CTACAGGAATTG
551915929728,18304,False,-1,0,GGTTTGTTTGCT
549760057472,18336,False,-1,0,TAAAAAGGCTGT
1077985408,18368,False,-1,0,AACAATTTAAGC
824646303808,18400,False,-1,0,AGAGGTCAGCGC
551903346688,18432,False,-1,0,AATAGTACAAAT
552981282816,18464,False,-1,0,ATCTGTCTGATT
552989638784,18496,False,-1,0,GCAGCCAACTTT
1073758400,18528,False,-1,0,CTTTGCAAAAGT
3221241920,18560,False,-1,0,ATGTGTGCACTA
824646353024,18592,False,-1,0,TCTAGAACTGGT
827867578432,18624,False,-1,0,TAGTGTTACATG
824646336704,18656,False,-1,0,TTATTGTTGATA
12632064,18688,False,-1,0,GGATCTTTATCA
2147532992,18720,False,-1,0,TAGTGTCCACAA
824646352960,18752,False,-1,0,CTGATGCTATAA
824646303872,18784,False,-1,0,TATGATTGTTTT
274882150592,18816,False,-1,0,TGTGGAGTATCC
278107570304,18848,False,-1,0,GTATTAATACCT
550837993472,18880,False,-1,0,GTTATGCTTAAA
826793803840,18912,False,-1,0,ATATACTTTGTG
550837993664,18944,False,-1,0,AAGCGATTGCCT
549755846656,18976,False,-1,0,AAGTTCTATGAT
827859189888,19008,False,-1,0,TGTCAAGACTCT
824642158784,19040,False,-1,0,ATAAGGACTCTT
3233857600,19072,False,-1,0,TTTTGGAACTGT
12599296,19104,False,-1,0,GAATGCAGTTGT
827859173568,19136,False,-1,0,TGTTGAATAATT
827867545664,19168,False,-1,0,GGAGGTAGTTTG
278107521216,19200,False,-1,0,CCACACTAAACC
277038022848,19232,False,-1,0,AGCATTTGAAGC
827867562112,19264,False,-1,0,TCAGATACGCCT
551903297728,19296,False,-1,0,GGATGCTAAGCA
550829588672,19328,False,-1,0,AATCCGCCACTT
827854979072,19360,False,-1,0,GGTGGTGCAGTT
277029601280,19392,False,-1,0,GTATCGTGAGTA
552989655104,19424,False,-1,0,CTACTACAGCAG
824646352896,19456,False,-1,0,AAGACATTTGAT
12615808,19488,False,-1,0,GTTCACCAAGCT
824642109632,19520,False,-1,0,TATATAATTTAG
552989655232,19552,False,-1,0,GGACAGGCTGGT
277025406976,19584,False,-1,0,AAATGATAAAGT
827854946304,19616,False,-1,0,AGGATGTTGTCA
550842187968,19648,False,-1,0,TACCCTACTAAT
825707462720,19680,False,-1,0,CAAGCGCAGTAT
2147483776,19712,False,-1,0,AGCTCTTTAGAA
2160099456,19744,False,-1,0,TGGAAGCACGTC
274882150528,19776,False,-1,0,AAGTATATTTTG
12632256,19808,False,-1,0,GCATGTATACAG
824646336512,19840,False,-1,0,TTGAATGTCCTT
824642158592,19872,False,-1,0,TGCTCTTGAAGC
277025439872,19904,False,-1,0,GCGTTTACATTT
2147500096,19936,False,-1,0,CTTTCGATGATA
2147516544,19968,False,-1,0,ATTAAATGGCGT
827867545728,20000,False,-1,0,ACACTGATTGTG
552981233664,20032,False,-1,0,AAAGAGGGTCAG
4210688,20064,False,-1,0,CGACAGCCTGAG
826781204544,20096,False,-1,0,CACAAGGTAATC
12615744,20128,False,-1,0,AATGTCGGTGGT
8437760,20160,False,-1,0,CACTATCTTTAC
552977039360,20192,False,-1,0,CTTTTACATGTC
549760057536,20224,False,-1,0,TTTATAGCTTTA
551903314048,20256,False,-1,0,GAAGTATGGTTT
552977039488,20288,False,-1,0,ACATTGTTTATG
278099165376,20320,False,-1,0,ATTGGTGGTTTG
3221258240,20352,False,-1,0,CCGAAGACAGCA
275964264448,20384,False,-1,0,AGGAGTTTGTTT
8388736,20416,False,-1,0,TCTTATTTTATC
824646303744,20448,False,-1,0,TAGTAAGAGTGT
826785448064,20480,False,-1,0,TGTTGGATGATT
827867562176,20512,False,-1,0,CTTAATCTCAAC
824633770176,20544,False,-1,0,CGTTAATGTTGA
3221274752,20576,False,-1,0,TGCTTTGGTGTA
824646352896,20608,False,-1,0,TTCTATCCTCGT
824637915328,20640,False,-1,0,GAAGCCTGGTTA
274886328512,20672,False,-1,0,AGTATTTGAATT
549764202688,20704,False,-1,0,CTCTGGAATTAT
549768446144,20736,False,-1,0,TACAGGCTGTAT
3221241856,20768,False,-1,0,CTCAGTTATGTC
549764235456,20800,False,-1,0,TTAGCTGTACCT
826781204608,20832,False,-1,0,TTTAGGTGCAGG
827859173504,20864,False,-1,0,CGGGTTCTGCAG
278111748288,20896,False,-1,0,GCTGGTACTATT
824646353088,20928,False,-1,0,CCCATTTGTGAG
825711706304,20960,False,-1,0,TTGGGGATTGTA
3233808384,20992,False,-1,0,CAATGGGATTTG
549764235264,21024,False,-1,0,CCCTATTACTAA
550829555904,21056,False,-1,0,TAAGTAAAGATG
549755830400,21088,False,-1,0,CATATGATTCGC
4227264,21120,False,-1,0,CAGTGTTGCTAT
827867578496,21152,False,-1,0,GGAATGCAGAAT
3225419776,21184,False,-1,0,TTTGCATTTTGG
826789642240,21216,False,-1,0,AAACGCTTCTTC
827859140800,21248,False,-1,0,GCATAAATTATT
552989622272,21280,False,-1,0,ATAGATGGAAAT
824646336640,21312,False,-1,0,GTTTTGGAGAAA
827854962688,21344,False,-1,0,GTGCTTATAGCC
551915913408,21376,False,-1,0,CCGCTTAAGTTG
274877956224,21408,False,-1,0,TTTAAGAGCAGA
2147532992,21440,False,-1,0,ATTCCCTTCTTG
12615808,21472,False,-1,0,AGAGATACAAAT
824633769984,21504,False,-1,0,CAGTTTGGTTAA
16576,21536,False,-1,0,TGGCAGTCGCTT
278103375872,21568,False,-1,0,TTTATCAATTTT
824642109632,21600,False,-1,0,CTTTGTGTTAAA
8421376,21632,False,-1,0,AACTTCTCGATG
278111748288,21664,False,-1,0,CAAACAGCGCCT
826781204608,21696,False,-1,0,GGATATTCAGCC
192,21728,False,-1,0,ATGTTGCTATTC
552985428160,21760,False,-1,0,CATTGGGGTGAG
277033795712,21792,False,-1,0,AAACCCCCATAT
549764251840,21824,False,-1,0,TAGATGTTAAAG
827867529344,21856,False,-1,0,GATTTAGTTAAT
32896,21888,False,-1,0,TGTTGCTGACCA
274877907136,21920,False,-1,0,ATTGCACCATAG
549768446144,21952,False,-1,0,CTTTCCATTAAG
278099148800,21984,False,-1,0,CAACATGCAATT
278103326720,22016,False,-1,0,ATCCCTCATCAC
551903330496,22048,False,-1,0,AAGCTTGGTGCT
825715884032,22080,False,-1,0,TGAAACCATAGC
128,22112,False,-1,0,GTTTTGAATATA
549768445952,22144,False,-1,0,GCTATGATTATG
551903346752,22176,False,-1,0,GGTGCGTAAAGA
3233857664,22208,False,-1,0,CCGAGAATGATG
549768446144,22240,False,-1,0,TCGTACCATTAT
274886344896,22272,False,-1,0,TCGACATGTCTA
3229647040,22304,False,-1,0,GTAAGTCTTGTC
550829588480,22336,False,-1,0,TTGGGGTTTTAT
3233824832,22368,False,-1,0,CTAAACTCAGTG
827867578368,22400,False,-1,0,ATTTGTTCTAGT
3221225664,22432,False,-1,0,TAGGTTTTGACA
549764251840,22464,False,-1,0,TCGCATTTAAAT
3221274752,22496,False,-1,0,TGACAGTCGTTC
552989622400,22528,False,-1,0,CTACCAACCCCC
826793820160,22560,False,-1,0,CTTAATCCTGCC
824637964288,22592,False,-1,0,ATCATCTAAAGC
278111715392,22624,False,-1,0,GTTTTCACTTTA
278111764480,22656,False,-1,0,GGCGAAGGTCAA
552977055744,22688,False,-1,0,TGTTAATTTTAC
552985477248,22720,False,-1,0,GCACCACTTCTG
827859157184,22752,False,-1,0,CAGAATAAAGGC
827863351296,22784,False,-1,0,TAAGAATATGGC
278111715392,22816,False,-1,0,TTGTTAATGTAC
552989671552,22848,False,-1,0,GCACAATCTACA
825711706240,22880,False,-1,0,TTTAGTTCTTAA
826793787584,22912,False,-1,0,GTGAAGCTAATT
824642142336,22944,False,-1,0,GTTGAAGCTGAT
1082179584,22976,False,-1,0,CGAGTATATCGT
278099132608,23008,False,-1,0,GCAAGTTTTTGT
827867562048,23040,False,-1,0,GATAGTCAATAT
824637964288,23072,False,-1,0,TGTTATTTATGG
825707495616,23104,False,-1,0,TTACCACTGGTT
826793836608,23136,False,-1,0,TTAGTTCTACCC
3225468928,23168,False,-1,0,TTCAAATGAGCT
827859140800,23200,False,-1,0,AAGCAATCTGTC
552989638784,23232,False,-1,0,ACGCCTGTACAG
551903330432,23264,False,-1,0,CAATGCCAGGCA
277037973696,23296,False,-1,0,TTGCTTGTCAAC
12615680,23328,False,-1,0,AATTCTACTACC
551911735296,23360,False,-1,0,TATCAATCATGG
824642126016,23392,False,-1,0,TACTCAGTGGTT
552989671424,23424,False,-1,0,TTTTCGCAGCAA
275964248256,23456,False,-1,0,TGTTAGCAGTGT
278107570368,23488,False,-1,0,GCAGATGCCCTA
2155905088,23520,False,-1,0,CCTGATGTACCT
551915929728,23552,False,-1,0,ACCAATTATTTT
827863384192,23584,False,-1,0,TTGCGGTCATAA
549768396992,23616,False,-1,0,TATTTTATGGTG
274877907136,23648,False,-1,0,TGATGCTTAGAC
827859173568,23680,False,-1,0,GATACTTTTAAT
12599296,23712,False,-1,0,CTGTTATAGGAG
549768429632,23744,False,-1,0,TCCATTAATGAT
826781253632,23776,False,-1,0,TATTAGCACTGA
3233808576,23808,False,-1,0,GTTTAGGTACTT
3229614208,23840,False,-1,0,TATTTAAATACT
3225468928,23872,False,-1,0,CTACCCTACTTC
552981282880,23904,False,-1,0,TGGCACTGAAGG
275964280832,23936,False,-1,0,CTGTGGTTTAAA
826781220864,23968,False,-1,0,TACTAATGGTAT
3229663424,24000,False,-1,0,CCAAGGTTATTA
1073741888,24032,False,-1,0,GAGTTTCCTGCT
824646303808,24064,False,-1,0,TGTAAATACATC
826781204480,24096,False,-1,0,CACATACTACCA
1086341120,24128,False,-1,0,GGTTTCTTAGAG
274882150400,24160,False,-1,0,TATGTGCGAGTA
8388608,24192,False,-1,0,CTAATCTGGGTA
552989671616,24224,False,-1,0,CATTGGGATACA
278099165312,24256,False,-1,0,TAAGCGTAATTT
827867529216,24288,False,-1,0,ATTATTTGTATT
549768429632,24320,False,-1,0,GGTACTTTTTAT
550842187968,24352,False,-1,0,TGTTGTTACTAA
824646303808,24384,False,-1,0,TAGGCACGGTGC
2160066752,24416,False,-1,0,CCTTTGACTTGT
1077985344,24448,False,-1,0,ATATTGGGTTAC
827863367872,24480,False,-1,0,ATCTACTAGCTT
551911719104,24512,False,-1,0,TTTAATGCTGTT
549760008192,24544,False,-1,0,GAGTGAGATTAA
552985477184,24576,False,-1,0,CACCATCTACTG
278099165184,24608,False,-1,0,TACACTGTTCAG
825707479040,24640,False,-1,0,ACGTATACCTAA
3233857600,24672,False,-1,0,AGGCTTGGCTTA
551911735360,24704,False,-1,0,CCATTAAATTGG
824642142400,24736,False,-1,0,TTGTAATTTTAA
32960,24768,False,-1,0,TTATTCAGGCAT
3233808512,24800,False,-1,0,ATTGATGCTGCT
826781253632,24832,False,-1,0,TTCCAGCATAAC
3225419904,24864,False,-1,0,CCAATGGTAGGA
824646303744,24896,False,-1,0,AATTTGGGCTAT
824642158784,24928,False,-1,0,AATTGATACTAC
278099181760,24960,False,-1,0,ATTATAATTTAC
275964231808,24992,False,-1,0,AGCAGGTTTAAT
1077985280,25024,False,-1,0,ATTTGGTTTTAC
552977039552,25056,False,-1,0,CTCAACCTGCAG
274890489920,25088,False,-1,0,GTTGTTTATGCA
827854979200,25120,False,-1,0,CACAAATTTCTG
552981266432,25152,False,-1,0,CTTTGTGTGTAG
2151710784,25184,False,-1,0,GCTGGTTATAAA
827867578432,25216,False,-1,0,TCCTGCAGGTAC
552989655104,25248,False,-1,0,ATGCTGCCCAAT
824646336576,25280,False,-1,0,GACCCCATTACA
128,25312,False,-1,0,CAAGTGCCCCCA
551907508416,25344,False,-1,0,TAGGTGAGCACT
551915929664,25376,False,-1,0,AGTGATCATTGT
3229646976,25408,False,-1,0,CCAACCACAAGC
2147516608,25440,False,-1,0,ACTCTTGTTTAC
3233841152,25472,False,-1,0,TTTGCTAATTTT
824633720832,25504,False,-1,0,TGGTACTACTTG
827863384256,25536,False,-1,0,CAAACACAGACA
826793820160,25568,False,-1,0,AATTATGATCTT
549760057536,25600,False,-1,0,TATTTTTGTTGA
3233808576,25632,False,-1,0,ATAGTTGGCAGA
552977088704,25664,False,-1,0,GGTAATCTCTAT
824642158784,25696,False,-1,0,AAATAGAACTTT
277037973696,25728,False,-1,0,GTGGTCGTGTTT
552977055744,25760,False,-1,0,TCTTCCGAACCA
278099148864,25792,False,-1,0,CAAATGCAATTA
3221225664,25824,False,-1,0,CACGACAGCTGC
827859173376,25856,False,-1,0,AGCTATCTTGGT
826781204608,25888,False,-1,0,TAGTACTTCTAG
552989671616,25920,False,-1,0,TCACAGTAGGTA
277038022848,25952,False,-1,0,TCTACAAAAAGA
549755863104,25984,False,-1,0,CACTGGTTATCG
274886328320,26016,False,-1,0,TTACTGTTAATT
824633737408,26048,False,-1,0,CCTGTAGGTGGT
826781237376,26080,False,-1,0,TTCAGAGTTTAC
552977088704,26112,False,-1,0,TTATTCAAACAA
827867561984,26144,False,-1,0,GATTGTTCTGCT
3233808512,26176,False,-1,0,AGCATGTAAATC
3229663296,26208,False,-1,0,GCTTCTGTGACA
278103326720,26240,False,-1,0,GAAGTAAATGAA
827867578496,26272,False,-1,0,GCAAGTAGCTAA
3229647040,26304,False,-1,0,CTCTTAGCACTA
552989671488,26336,False,-1,0,TTCAATGTAGAC
16384,26368,False,-1,0,ATTAGGTTGTTT
278107521024,26400,False,-1,0,TTTCCAGTAGAT
3233841280,26432,False,-1,0,TTTTCTAAAGTA
824642158720,26464,False,-1,0,CGTTGAGGCTTA
1086373888,26496,False,-1,0,CCGAAATTAGGG
3229630656,26528,False,-1,0,TATAATGGTATC
549764219072,26560,False,-1,0,CTCGGAAAATCA
275964248064,26592,False,-1,0,CTGCCACTTCTG
552977088704,26624,False,-1,0,TCAGCAGCAGCA
824642158720,26656,False,-1,0,CGTTCAGTATCG
827854946432,26688,False,-1,0,CCATGGATGTGT
824646320256,26720,False,-1,0,ATTGCTAATGCA
551907508416,26752,False,-1,0,TATTCAGGAAGG
824642158784,26784,False,-1,0,CTTTAGTTAAAA
274882150400,26816,False,-1,0,AATGCTGAAGCT
2151678144,26848,False,-1,0,ACTCTCTAATAG
824633770176,26880,False,-1,0,CTTTACAAGAAA
549755814080,26912,False,-1,0,CTTGAAGCGCAA
826793836736,26944,False,-1,0,TAATGGGCGTCT
827867545600,26976,False,-1,0,TTTCTCAACAGC
549768429568,27008,False,-1,0,AAGTTTAGTGCA
274877906944,27040,False,-1,0,TAATGAATGTGT
552977039552,27072,False,-1,0,TAAATTTTTGTG
1073774784,27104,False,-1,0,TCATTAGTGCAG
827867578368,27136,False,-1,0,TTTTATCCACTT
3225452672,27168,False,-1,0,ATGTCACTGCGA
2147500032,27200,False,-1,0,ATTGCTGGTGAT
826781253824,27232,False,-1,0,TGGTTATTTTGT
552989622464,27264,False,-1,0,TGTTCACTGGTA
12615872,27296,False,-1,0,CCTATAACTGGA
827859140672,27328,False,-1,0,TACCTGTGCTGT
3221241920,27360,False,-1,0,ATGTAATGCTGA
549764219008,27392,False,-1,0,CCTTATTTTAAG
2151678144,27424,False,-1,0,TAAAAACCAAAC
827854995584,27456,False,-1,0,CACTTGATTATA
8404992,27488,False,-1,0,CTACAAGATGAA
1082146816,27520,False,-1,0,AATAAAAGTTTT
549764202688,27552,False,-1,0,TCAAGGACATTG
827863384256,27584,False,-1,0,AAATGGCCTTGG
12632128,27616,False,-1,0,CTTTGCTGGTGT
552985460864,27648,False,-1,0,TCTTCATATGCT
2160115840,27680,False,-1,0,AGTTGTTTTAAG
1073741824,27712,False,-1,0,TGATTATACTGG
1082163392,27744,False,-1,0,AAACATCACATG
826793787456,27776,False,-1,0,TTTATTGACTCC
32832,27808,False,-1,0,CCAATCATGTGA
3221225536,27840,False,-1,0,TAGGTCGAGCAT
551915929600,27872,False,-1,0,GCCTGCTGTTTA
824637947904,27904,False,-1,0,AACTAGTAAACC
278099132608,27936,False,-1,0,CCATTGAAGGTG
275951698112,27968,False,-1,0,CCTATTACTGTT
826785415168,28000,False,-1,0,CGTTTCTATAGG
824646303808,28032,False,-1,0,GTTTTACCTGTT
826789642240,28064,False,-1,0,ACCATATTATAA
549768396864,28096,False,-1,0,TTAAGCATTATT
552985444352,28128,False,-1,0,GCCCTAGTAATG
824633769984,28160,False,-1,0,TAAATATCTCCG
3233857536,28192,False,-1,0,TCTCAGAATTAG
274877956224,28224,False,-1,0,AACTATAAATTT
827863384128,28256,False,-1,0,AGTTCCTAGTCA
274877956288,28288,False,-1,0,GTAGCTTTTGTG
824633770112,28320,False,-1,0,AAATCCAAACAT
826793836544,28352,False,-1,0,AATAACTGGTTT
825711706176,28384,False,-1,0,TAGAGGAGGCTG
1082130432,28416,False,-1,0,GCTGTTGACTTT
827863335104,28448,False,-1,0,GTTAAATGTTTA
827863335104,28480,False,-1,0,GACACTGTGTGG
827867578368,28512,False,-1,0,TATAGTTGCCAT
826781253632,28544,False,-1,0,TTGTAGTGGCAT
826789593152,28576,False,-1,0,TGTATTCAACTT
824633753600,28608,False,-1,0,AGTACTGTCCCC
827867529408,28640,False,-1,0,GAGGTAGGCAGT
552989655040,28672,False,-1,0,GTAAAACCACCA
3229614272,28704,False,-1,0,TTAGTTAATCCA
3225452672,28736,False,-1,0,TACACCAGCACC
1073741952,28768,False,-1,0,ATGAAGCTATTA
3221274816,28800,False,-1,0,TTTTCTTTGGGT
2147483712,28832,False,-1,0,AGTCATATTGCA
3221274688,28864,False,-1,0,GTATGTTTGTTT
825720045760,28896,False,-1,0,TTGTGGCTTATG
826781237248,28928,False,-1,0,AACTATTTTCAA
550829605056,28960,False,-1,0,ATGTGTATCTTG
3229646848,28992,False,-1,0,ATAGTGGCCATT
278111764480,29024,False,-1,0,TGTGAATAGTAT
550833750016,29056,False,-1,0,GAAGTTGGTGGA
8421504,29088,False,-1,0,AACTTGATGTGT
549755830336,29120,False,-1,0,GTATGTTAGGCC
274882134208,29152,False,-1,0,CCCTTACGGTCA
128,29184,False,-1,0,TACATGCAAGGT
825711706112,29216,False,-1,0,TTCTTTGTCAGA
275955859648,29248,False,-1,0,TTGCTAAGGTCT
549755846720,29280,False,-1,0,CGTGGTTTTCTT
826781220992,29312,False,-1,0,TGGTTTTGCTGT
824633720960,29344,False,-1,0,GTAATTACCGAC
1082130432,29376,False,-1,0,TCTGGCTTGGAC
4243520,29408,False,-1,0,TATCTAAACTTT
552985444544,29440,False,-1,0,GTAAGCAATCCA
2151678080,29472,False,-1,0,AATCGTTCTGGT
278107570240,29504,False,-1,0,CGATCAGTCCGA
552981233664,29536,False,-1,0,CCAGGGGTAGAA
275951681536,29568,False,-1,0,GCTACTTCTCAG
827867578368,29600,False,-1,0,TGTACCCTACTA
8437760,29632,False,-1,0,CTCAGTTTCAAA
552989655104,29664,False,-1,0,GCAGAGGGACAA
826781237440,29696,False,-1,0,AGTCCCAGCTAC
552989622272,29728,False,-1,0,ACAGACACAACC
274886312064,29760,False,-1,0,GATGGCAACCAG
826785398848,29792,False,-1,0,GTATTTTTACTA
1082179648,29824,False,-1,0,CCAAAGACCAGT
551907524608,29856,False,-1,0,GTCTACTGGGTC
824646353024,29888,False,-1,0,CAATACCCCGGC
3225436288,29920,False,-1,0,CAAGTAGCGATG
552989655040,29952,False,-1,0,CCGCCTGGCACG
4243456,29984,False,-1,0,TATTGAAGGCTC
275964264448,30016,False,-1,0,CCAGATCTACTT
826793820160,30048,False,-1,0,TCTAGTGCAGGA
274882150400,30080,False,-1,0,TGGCAATAGAAC
8421568,30112,False,-1,0,CTGATATGGCTG
549768429568,30144,False,-1,0,CTGGCTAAACTT
825711673472,30176,False,-1,0,ACAGCAAGTAAC
826781220928,30208,False,-1,0,TCAGACAGAAAA
192,30240,False,-1,0,AAGAGGAGCCCC
549764218944,30272,False,-1,0,GCAGTGTTTTGG
549768396992,30304,False,-1,0,ATTTTGGTGGTG
278103343168,30336,False,-1,0,ACTAGTGATCCA
2151727296,30368,False,-1,0,ACTCGCACCCAC
2147532928,30400,False,-1,0,GATCAAGATTAG
274886311936,30432,False,-1,0,TTGTCTGGGAAT
552977055744,30464,False,-1,0,TGTTTATGAATT
278107570304,30496,False,-1,0,GATTTGATAGTA
824642158592,30528,False,-1,0,ATAATGAAGGTG
551907524608,30560,False,-1,0,ATACCAACAACA
3225452672,30592,False,-1,0,GTCCAAAACCAC
549768396928,30624,False,-1,0,AACGGACAAGGA
1086357504,30656,False,-1,0,TGCAGCGCCCAA
827863334976,30688,False,-1,0,AGATTAGAGAGT
8437824,30720,False,-1,0,CTTCTTAAGAAG
3221274688,30752,False,-1,0,AGACACCTCAGA
551907540992,30784,False,-1,0,ATGTCGGCACCT
550833766400,30816,False,-1,0,AAGTCGGGATAA
824633720960,30848,False,-1,0,ATGTCTTGCTGC
3233857536,30880,False,-1,0,ATAGCAGACTAT
549768396800,30912,False,-1,0,TTGTGTGGTAAT
8388736,30944,False,-1,0,AAAGACTTGCGG
551911686144,30976,False,-1,0,CCAAGGGGAAGA
827867561984,31008,False,-1,0,TCCAGTAATTAG
