2155888640,32,False,-1,0,GCCAGCCCCCTG
277025390784,64,False,-1,0,TGAATCACTCCC
549755830272,96,False,-1,0,CACGCAGAAAGC
3229630528,128,False,-1,0,TGAGTGTCGTGC
826793820224,160,False,-1,0,CCGGGAGAGCCA
1082130560,192,False,-1,0,GAGTACACCGGA
1077969024,224,False,-1,0,CTTTCTTGGATA
277033812096,256,False,-1,0,ATTTGGGCGTGC
826789642368,288,False,-1,0,AGTAGTGTTGGG
552985460800,320,False,-1,0,CTGCCTGATAGG
277029584960,352,False,-1,0,AGGTCTCGTAGA
4194304,384,False,-1,0,TCCTAAACCTCA
277033779264,416,False,-1,0,CCAACCGTCGCC
3233841152,448,False,-1,0,GGTGGCGGTCAG
550837977216,480,False,-1,0,GTTGCCGCGCAG
3229646976,512,False,-1,0,GCGCGACGAGGA
274890506240,544,False,-1,0,CCTCGAGGTAGA
549760041024,576,False,-1,0,ACGTCGGCCCGA
550842171584,608,False,-1,0,CCGGGTACCCTT
551911702592,640,False,-1,0,GGTTGCGGGTGG
549764218880,672,False,-1,0,CCGTGGCTCTCG
551903346880,704,False,-1,0,ACCCCCGGCGTA
275955892288,736,False,-1,0,GTCATCGATACC
275964248192,768,False,-1,0,CCTCATGGGGTA
275960086656,800,False,-1,0,CTCTTGGAGGCG
274882134016,832,False,-1,0,GGCGTCCGGGTT
275960053952,864,False,-1,0,TGCAACAGGGAA
825711673408,896,False,-1,0,CTATCTTCCTTC
825711689856,928,False,-1,0,ACTGTGCCCGCT
825720062080,960,False,-1,0,TTCCTCGGGGCT
552989622400,992,False,-1,0,GCCCTAACTCGA
275960086720,1024,False,-1,0,GATGCCATCCTG
549760041152,1056,False,-1,0,TTGCGTTCGCGA
275960053824,1088,False,-1,0,GGGTGGCGGTGA
275960053888,1120,False,-1,0,GACGGCAAACTC
551911702528,1152,False,-1,0,TCATATCGATCT
825715851392,1184,False,-1,0,TCTGCTCGGCCC
278111731904,1216,False,-1,0,GGGTCTGTCTTT
550837977152,1248,False,-1,0,CTTCTCTCCCAG
275955876032,1280,False,-1,0,ACTGCAATTGTT
1082130624,1312,False,-1,0,ACGGGTCATCGC
826785431680,1344,False,-1,0,GAACTGGTCCCC
550833766464,1376,False,-1,0,CTCAGCTGCTCC
550833782976,1408,False,-1,0,GACATGATCGCT
552981266560,1440,False,-1,0,GGCGGGCATAGC
826789642368,1472,False,-1,0,ACTGGGCGAAGG
550829572288,1504,False,-1,0,TTTGCCGGCGTC
275955875968,1536,False,-1,0,CGGGGGAAGTGC
824642125952,1568,False,-1,0,TTGTTGGTCTCC
4227200,1600,False,-1,0,AACATCCAACTG
277037989888,1632,False,-1,0,GCACATCAATAG
275964248192,1664,False,-1,0,AAAGCCTTAACA
3225469056,1696,False,-1,0,TTCTATCAGCAC
549764202560,1728,False,-1,0,TCCTGAGAGGTT
1082146880,1760,False,-1,0,CCGATTTTGCCC
2151710848,1792,False,-1,0,TATGCCAACGGA
275955843264,1824,False,-1,0,CTACTGCTGGCA
277033812032,1856,False,-1,0,GCATTGTGCCCG
1077969088,1888,False,-1,0,GTATATTGCTTC
278107553792,1920,False,-1,0,GGGAACGACCGA
278099132480,1952,False,-1,0,ACAGCTGGGGTG
2147500160,1984,False,-1,0,GTCCTTAACAAC
827867545600,2016,False,-1,0,TTGGTTCGGTTG
825715867840,2048,False,-1,0,GATTCACCAAAG
551907492032,2080,False,-1,0,GTCATCGGAGGG
827863367744,2112,False,-1,0,CTGCCCCACTGA
277033795776,2144,False,-1,0,AAGCCACATACT
2155905024,2176,False,-1,0,TGGATTACACCC
552981282816,2208,False,-1,0,GTATAGGCTTTG
824633770048,2240,False,-1,0,ATTACACCATAT
277033812032,2272,False,-1,0,GGAGGGGTCGAG
551911735360,2304,False,-1,0,CAACTGGACGCG
550833782784,2336,False,-1,0,AAGACAGGGACA
8421568,2368,False,-1,0,CTGCTGTCCACC
550833766592,2400,False,-1,0,GTGTTCTTTCAC
1077936320,2432,False,-1,0,CCGGCCTCATCC
824642142272,2464,False,-1,0,GACGTGCAGTAC
549755846848,2496,False,-1,0,CATCGCGTCCTG
825711673408,2528,False,-1,0,TCGTTCTCCTGT
827863335104,2560,False,-1,0,CGCGTCTGCTCC
551907524608,2592,False,-1,0,CATATCCCAAGC
12632128,2624,False,-1,0,TCGTAATACTCA
550833782976,2656,False,-1,0,ACGCACGGTCTT
550829605056,2688,False,-1,0,CTGCTTTGCGTG
825720045696,2720,False,-1,0,TGCCCGGAGCGG
278107553984,2752,False,-1,0,TGGCCTCTCCTC
275951681664,2784,False,-1,0,TCAGCGGGCATA
550837993536,2816,False,-1,0,CCGCGTCGTGTG
3229663232,2848,False,-1,0,TTAATGGCGCTG
278111748160,2880,False,-1,0,GCGCTACATCAG
274886311936,2912,False,-1,0,AGTATTTTCTGA
275955875968,2944,False,-1,0,CACGTGTGGGTT
274890506432,2976,False,-1,0,GGGGCGCGATGC
277037973568,3008,False,-1,0,TTGTACACCCGA
552981250240,3040,False,-1,0,AAACTACTCCTG
278111715392,3072,False,-1,0,GATTCTTCAAGC
824637964416,3104,False,-1,0,ACTTCGTGCGCG
274877939840,3136,False,-1,0,TGCGCGCTAGCG
549768429696,3168,False,-1,0,TTACGTGCAAAT
278111715520,3200,False,-1,0,CGCTTACTGGCA
551911686272,3232,False,-1,0,ACCCCTCTTCGA
277037973632,3264,False,-1,0,GCGAGATCTGGC
826781253696,3296,False,-1,0,TCTTCTCCCGAA
1082163200,3328,False,-1,0,TGGGGGGCAGAT
551907508224,3360,False,-1,0,CATCAACGGCTT
827859157056,3392,False,-1,0,GCCAGGAGATAC
551911702592,3424,False,-1,0,ATGGTCTCCAAG
275951681664,3456,False,-1,0,CATCACGGCGTA
825707512000,3488,False,-1,0,TCCTAGGGTGTA
278107553984,3520,False,-1,0,CGGGACAAAAAC
824633737280,3552,False,-1,0,GATCGTGTCAAC
2160099520,3584,False,-1,0,CAACGTGCATCA
550837944384,3616,False,-1,0,TACCACGGGGCC
824633753600,3648,False,-1,0,ACCCAAGGGTCC
3229646912,3680,False,-1,0,ATGTGGACCAAG
275960053888,3712,False,-1,0,CCTCAAGGTTCC
550829588480,3744,False,-1,0,CTGCGGCTCCTC
827863367808,3776,False,-1,0,GGCACGCCGATG
551911735360,3808,False,-1,0,GGTGATAGCAGG
274886312064,3840,False,-1,0,GCCCATTTCCTA
550837944384,3872,False,-1,0,GTCCGCTGTTGT
550837944448,3904,False,-1,0,GGCCTATTCAGG
551915896960,3936,False,-1,0,AGTGGCTAAGGC
275951665280,3968,False,-1,0,AGAACCTAGAGA
825707495616,4000,False,-1,0,TTCACGGACAAC
551903330432,4032,False,-1,0,CCAGAGCTTCCA
551903297600,4064,False,-1,0,CCACCGGCAGCG
549760008384,4096,False,-1,0,GCTGCGTACGCA
277029584960,4128,False,-1,0,GGTGCTCAACCC
2147500224,4160,False,-1,0,GCTTTGGTGCTT
2151710848,4192,False,-1,0,GTTGATCCTAAT
275964264640,4224,False,-1,0,AATTACCACTGG
827863367808,4256,False,-1,0,CCTACGGCAAGT
824633720960,4288,False,-1,0,TCAGGAGGTGCT
277029584896,4320,False,-1,0,CGAGTGCCACTC
275960037376,4352,False,-1,0,TGGGCATCGGCA
3233824832,4384,False,-1,0,ACTGCGGGGGCG
552989671616,4416,False,-1,0,TGCTACCCCTCC
2155921472,4448,False,-1,0,ATCCTAACATCG
278103326784,4480,False,-1,0,ACCGGAGAGATC
549764202560,4512,False,-1,0,CCCCCTCGAGGT
64,4544,False,-1,0,TCATCTTCTGCC
3225469056,4576,False,-1,0,GAGCTCGCCGCG
278107570304,4608,False,-1,0,CAATGCCGTGGC
275960037568,4640,False,-1,0,TGTCTGTCATCC
550833750144,4672,False,-1,0,GTCGTGTCGACC
278111715520,4704,False,-1,0,TACCGGCGACTT
277033779264,4736,False,-1,0,ACACGTGTGTCA
825720045632,4768,False,-1,0,CTTGACCCTACC
826785431616,4800,False,-1,0,GCTCCCCCAGGA
275960037376,4832,False,-1,0,GCCGGGGCAGGA
550837977216,4864,False,-1,0,ATCTACAGATTT
278103343296,4896,False,-1,0,CTCCGGCATGTT
275960070336,4928,False,-1,0,AGTGCTATGACG
550829555904,4960,False,-1,0,CTCACGCCCGCC
275960086656,4992,False,-1,0,AGCGTACATGAA
824646303808,5024,False,-1,0,GCCAGGACCATC
32768,5056,False,-1,0,TTTACGGGCCTC
1082163200,5088,False,-1,0,TCTATCCCAGAC
826785415232,5120,False,-1,0,TTCCTTACCTGG
275964248128,5152,False,-1,0,TGCGCTAGGGCT
552989638720,5184,False,-1,0,GGACCAGATGTG
2147500160,5216,False,-1,0,AACCCACCCTCC
552985460928,5248,False,-1,0,TACAGACTGGGC
16384,5280,False,-1,0,CCTGACGCACCC
275960086592,5312,False,-1,0,CATGCATGTCGG
278103359680,5344,False,-1,0,AGCACCTGGGTG
552989622400,5376,False,-1,0,TGCTCTGGCCGC
825707511936,5408,False,-1,0,GCGTGGTCATAG
3233808384,5440,False,-1,0,GGGAAGCCGGCA
551903330432,5472,False,-1,0,TCTCTACCAGGA
826781204480,5504,False,-1,0,GCTCTCAGCACT
549760024576,5536,False,-1,0,ATGATGCTCGCT
549760024640,5568,False,-1,0,CCTCGGCCTCCT
278107521088,5600,False,-1,0,CAGAGGTTATCA
552981266432,5632,False,-1,0,TGGCAGAAACTC
274886295744,5664,False,-1,0,CATGTGGAATTT
277029617728,5696,False,-1,0,TGGCGGGCCTGT
827867529280,5728,False,-1,0,GCCATTGCTTCA
4210688,5760,False,-1,0,CGTCACCAGCCC
826789625984,5792,False,-1,0,TCCTCTTCAACA
550842171456,5824,False,-1,0,GCCCAGCTCGCC
827859157120,5856,False,-1,0,CTTTGTGGGCGC
551903346752,5888,False,-1,0,TCGGCAGCGTTG
549760041152,5920,False,-1,0,GACATTCTTGCA
3221241856,5952,False,-1,0,GGGAGCTCTTGT
277033828416,5984,False,-1,0,GTGAGGTCCCCT
3229646912,6016,False,-1,0,CTGCTGCCCGCC
552981233728,6048,False,-1,0,TGTAGTCGGTGT
551911718912,6080,False,-1,0,GCCGGCACGTTG
278099181632,6112,False,-1,0,CAATGGATGAAC
827859173568,6144,False,-1,0,CCGGGGGAACCA
8421440,6176,False,-1,0,TGCCGGAGAGCG
3233808384,6208,False,-1,0,GCCATACTCAGC
550837944512,6240,False,-1,0,CCTGAGGCGACT
275960053888,6272,False,-1,0,AGTGTACCACTC
551903330496,6304,False,-1,0,AGGGACATCTGG
552989622272,6336,False,-1,0,GAGCGACTTTAA
827854962880,6368,False,-1,0,TCATGCCACAAC
549764235392,6400,False,-1,0,TCCTGCCAGCGC
825711673408,6432,False,-1,0,AGGAGACGGCAT
827859189760,6464,False,-1,0,GTGGAGCTGAGA
3233808448,6496,False,-1,0,GGGACGATGAGG
551907508224,6528,False,-1,0,CAGGAACATGTG
275964248128,6560,False,-1,0,ACGCCTACACCA
824637931648,6592,False,-1,0,CCTGCGCCGAAC
552989655040,6624,False,-1,0,GGTGTCTGCAGA
825715867840,6656,False,-1,0,GGGTGGGGGACT
274882150400,6688,False,-1,0,ACTACTGACAAT
3225419904,6720,False,-1,0,CCCATCGCCCGA
2155888832,6752,False,-1,0,GGGTGCGCCTAC
274886344896,6784,False,-1,0,AAGCCCTTGCTG
278103359680,6816,False,-1,0,AGTAGGACTCCA
1077936128,6848,False,-1,0,AATTACCTTGCG
3233824832,6880,False,-1,0,GTGTTGACGTCC
551911686336,6912,False,-1,0,TATAACAGCAGA
278099148864,6944,False,-1,0,CGAGAGGGTCAC
275964281024,6976,False,-1,0,TCGGCCAGCCAG
274877923392,7008,False,-1,0,GGCAACTTGCAC
826781253760,7040,False,-1,0,ACGCCGAGCTCA
551907491968,7072,False,-1,0,AGGCAGGAGATG
277038022784,7104,False,-1,0,TGAGTCAGAGAA
826789593280,7136,False,-1,0,CCTTCGATCCGC
550829555904,7168,False,-1,0,CGGGAGGTCTCC
2155888704,7200,False,-1,0,GAAGTCTCGGAG
275951665280,7232,False,-1,0,TTTGGGCGCGGC
12632064,7264,False,-1,0,GTAGAGACGTGG
827859140672,7296,False,-1,0,ACCTGTGGTCCA
277029601408,7328,False,-1,0,CACGGTCCCCTC
552981282880,7360,False,-1,0,AAGCGTACGGTG
551915896832,7392,False,-1,0,ATCTACTGCCTT
274890522816,7424,False,-1,0,GTTTTGGCAGCT
1077968960,7456,False,-1,0,GGCGACAATACG
275951665280,7488,False,-1,0,CCCTTCTGGCTG
277029634176,7520,False,-1,0,AGTCCTATTCTT
274882134144,7552,False,-1,0,GAGCCTGGGGAT
274886311936,7584,False,-1,0,ATGGTCGACGGT
550829572288,7616,False,-1,0,AAGATGTCGTGT
278103375936,7648,False,-1,0,TGGACAGGCGCA
1086341184,7680,False,-1,0,GGAAGAACAAAA
825711657088,7712,False,-1,0,GCAACTCGTTGC
826793836544,7744,False,-1,0,TATTCCACCACT
278099132480,7776,False,-1,0,GCAGAAGAAAGT
1082179648,7808,False,-1,0,TTCTGGACAGCC
550829588480,7840,False,-1,0,GAGGTCAAAGCA
277025439744,7872,False,-1,0,TAACTTGCTATC
16512,7904,False,-1,0,TGACGCCCCCAC
4243456,7936,False,-1,0,GGCTATGGGGCA
1086341248,7968,False,-1,0,CAGAAAGGCCGT
824633769984,8000,False,-1,0,GGAAAGACCTTC
3225419776,8032,False,-1,0,ATAGACACTACC
551903330368,8064,False,-1,0,TTTCTGCGTTCA
825720062016,8096,False,-1,0,AGCCAGCTCGTC
824642142400,8128,False,-1,0,GGCGTGCGCGTG
275955875968,8160,False,-1,0,CGACGTGGTTAG
4194304,8192,False,-1,0,TGGGAAGCTCCT
552981250112,8224,False,-1,0,GGACAGCGGGTT
550842171584,8256,False,-1,0,GAAGTCCAAGAA
552989638720,8288,False,-1,0,ATGATACCCGCT
275960070336,8320,False,-1,0,GAGAGCGACATC
277029584960,8352,False,-1,0,CCAATGTTGTGA
275960070336,8384,False,-1,0,TGGCCATCAAGT
275964231808,8416,False,-1,0,GTTGGGGGCCCT
274886311936,8448,False,-1,0,AAACTGCGGCTA
275960037440,8480,False,-1,0,GCGTACTGACAA
1082163328,8512,False,-1,0,ACTTGCTACATC
277033795648,8544,False,-1,0,AGCCGCAGGGCT
8437952,8576,False,-1,0,TGTGTGGCGACG
274882134144,8608,False,-1,0,AGTGCGGGGGTC
551915897024,8640,False,-1,0,GAGAGCCTTCAC
550833750016,8672,False,-1,0,CCGCCCCCCCCG
278099181632,8704,False,-1,0,TACGACTTGGAG
275951665280,8736,False,-1,0,CAACGTGTCAGT
3225419968,8768,False,-1,0,AGAGGGTCTACT
1082163264,8800,False,-1,0,ACCCCCCTCGCG
4227200,8832,False,-1,0,AAGACACACTCC
825707511936,8864,False,-1,0,ACATAATCATGT
1086374016,8896,False,-1,0,AGGATGATACTG
550842138752,8928,False,-1,0,CCTCATAGCCAG
825715884096,8960,False,-1,0,TTAACTGTGAGA
552989622464,8992,False,-1,0,ATAGAACCACTG
274882150464,9024,False,-1,0,AAGACTCCATGG
278099132544,9056,False,-1,0,ACAGTTACTCTC
12615744,9088,False,-1,0,GCCGCATGCCTC
550837960704,9120,False,-1,0,CTTGCGAGCTTG
826781237312,9152,False,-1,0,TCCGCGCTAGGC
549760057344,9184,False,-1,0,GCTGCCATATGT
1073758272,9216,False,-1,0,GGCAGTAAGAAC
551911735360,9248,False,-1,0,TAGCGGCCGCTG
549760040960,9280,False,-1,0,TGGTTCACGGCT
550833782848,9312,False,-1,0,TTATCACAGCGT
549760057536,9344,False,-1,0,GGTTCTGGTTTT
827859140736,9376,False,-1,0,GGGGTAGGCATC
1082179584,9408,False,-1,0,AAGGTTGGGGTA
827867578560,9440,False,-1,0,CATTTCCTGTTT
278103343296,9536,False,-1,0,TTTTCTTTCCTT
551907541056,9568,False,-1,0,TCCTTCTTTAAT
277033795584,9600,False,-1,0,AGTCACGGCTAG
3229630528,9632,False,-1,0,GCATGACTGCAG
