274882150528,32,False,-1,0,ACTTCGGCTTAG
277025439936,64,False,-1,0,CGCTTATATTTT
1073791040,96,False,-1,0,ATTTTTGCCGAG
549755846784,128,False,-1,0,GCAAGGAATGAA
277033828416,160,False,-1,0,GAGGAAAAGCGC
12582912,192,False,-1,0,CCGTTCTGGGGA
2151694336,224,False,-1,0,CAAGGAAAAGGG
827859189888,256,False,-1,0,GGCAAGTGACCC
549755830464,288,False,-1,0,GGGCGTAGGGCA
551915880576,320,False,-1,0,CCTGCTAGGAAG
1082130496,352,False,-1,0,CCTTCTTACAGG
827867562176,384,False,-1,0,ATTCACATGGCA
275964248256,416,False,-1,0,TTCCTCCATCGA
278107537408,448,False,-1,0,CTCGACGTGTTA
278107553984,480,False,-1,0,ACCACAGGAGAT
277038022848,512,False,-1,0,CTTGGGCTTTCT
824646320320,544,False,-1,0,TGGTGATTGACA
824633720832,576,False,-1,0,GGCACGGAAATT
550842171456,608,False,-1,0,GACAGACTACTT
552977088576,640,False,-1,0,CTGATGGTTGCT
3233857600,672,False,-1,0,AAGAAGTGCCCA
2155872256,704,False,-1,0,GGACCTCGAGTC
277038006272,736,False,-1,0,GGACTGAGTTCA
274886344832,768,False,-1,0,GCCGTGAAGAAA
550842187776,800,False,-1,0,ACCCCCGAAAGC
826781237248,832,False,-1,0,AGATCATCGCGT
3225436288,864,False,-1,0,AAGACGATTTTC
552981250176,896,False,-1,0,GGCAATCGCGAA
278099165248,928,False,-1,0,TGATTCTTCTGG
827854995456,960,False,-1,0,GTAAAGGGGGAG
4227136,992,False,-1,0,GCTGAAAGCGGA
277033779264,1024,False,-1,0,CCATTGTGAGAC
552981282816,1056,False,-1,0,GCCACGCCAAAC
552985460928,1088,False,-1,0,AGGACCGGCGGA
824646303808,1120,False,-1,0,TGCGCGAGTTAC
8405120,1152,False,-1,0,GCATCCTATTCG
277025407104,1184,False,-1,0,ATCGCAGCTCAA
551907508288,1216,False,-1,0,AGGAACGAGTAT
2151678080,1248,False,-1,0,CGCGGTTGGGGC
824642125888,1280,False,-1,0,GATTGGATTCGT
550837960768,1312,False,-1,0,ATTGCGACAGAG
3229646912,1344,False,-1,0,GCTAGGTCAGCC
824633720896,1376,False,-1,0,TAGCTTCCACTC
826781253760,1408,False,-1,0,TGGTTGGCGACA
1082130560,1440,False,-1,0,GCGAAACTCGGA
552989671616,1472,False,-1,0,GTTGGAGTCTGA
550833750144,1504,False,-1,0,ATCACGTTACGG
278103375936,1536,False,-1,0,TTTTTGCGGTCG
274886328448,1568,False,-1,0,TGTGCACTCTAC
826789593280,1600,False,-1,0,TGGAGAAAGTTG
827854979264,1632,False,-1,0,TCCAATGAGATA
277025423488,1664,False,-1,0,ACCTTCGTTGTC
827854962880,1696,False,-1,0,CCCATGATGGAT
274877939840,1728,False,-1,0,TGTCAGATTATG
275960037376,1760,False,-1,0,AGCTTTTCGAGA
1086357696,1792,False,-1,0,CCACATTTTCCC
1077968960,1824,False,-1,0,GGAGTGGTGATA
825715851456,1856,False,-1,0,AAATGAGACCTG
824633720960,1888,False,-1,0,ACGGCTGTCTGC
1086341184,1920,False,-1,0,TTTCTCGCAGGG
550833766592,1952,False,-1,0,TGTCAAGTGTGG
274890539136,1984,False,-1,0,TCGTTGGGAGCA
1073791104,2016,False,-1,0,GCCCTTAACCCT
551911735360,2048,False,-1,0,GGCTCGACACGT
552985477248,2080,False,-1,0,TTGGCGTGTCTG
3229646912,2112,False,-1,0,GATCTGGTTGGA
1086341312,2144,False,-1,0,TTTCTCCAACAC
827854979072,2176,False,-1,0,TCCTCGCTGCCT
826789642240,2208,False,-1,0,TTTCTGTTGGTT
826789625984,2240,False,-1,0,TGTGCGGGCTGA
275964264512,2272,False,-1,0,CCACGAGAAAAA
8421504,2304,False,-1,0,GCTTTTGTGTGG
826781253760,2336,False,-1,0,TTCCAATGATCA
2147483840,2368,False,-1,0,ACTCATTCACTG
4243648,2400,False,-1,0,TTTAGCTGGACC
552989638720,2432,False,-1,0,TGAGGATGCTTT
278107537536,2464,False,-1,0,GAGCTGCTTTCT
827867529408,2496,False,-1,0,CCTGAACAGGTG
552977039360,2528,False,-1,0,ACGTACATTCAA
825707512000,2560,False,-1,0,GAACCATTTCCG
824646320256,2592,False,-1,0,TACAAGTTCTCA
826781204480,2624,False,-1,0,CGCTGAGGGTGA
1073742016,2656,False,-1,0,TGTTTGGAAGCT
3221241920,2688,False,-1,0,AAGGTTATCCGG
826781253824,2720,False,-1,0,TATTCGCCGACT
826793820160,2752,False,-1,0,TCCAATTCAAGT
3229647040,2784,False,-1,0,TTGTATGGTTCA
551911702720,2816,False,-1,0,AAAGAACTCATC
826781237248,2848,False,-1,0,TGGCGGGCGTTG
552989671424,2880,False,-1,0,GTCATCACTGAC
826785431552,2912,False,-1,0,CACAGTGTTGGA
549760041152,2944,False,-1,0,CACTTGAGATGC
825707462848,2976,False,-1,0,TGGCCCAGGGAA
277038022720,3008,False,-1,0,TGACCCTTCAGA
549768429696,3040,False,-1,0,CTGCTTGGGGGG
824633720832,3072,False,-1,0,CACATAATCGGG
826793836544,3104,False,-1,0,TCCGTGGAACGT
275951698048,3136,False,-1,0,AGGGCCCAGCCC
277025407040,3168,False,-1,0,GACTCTAGATGT
551907492032,3200,False,-1,0,GGTAATTGGACC
549755863104,3232,False,-1,0,GTTGCCAATCAT
278111731904,3264,False,-1,0,CGAGTTGGTGAC
4194368,3296,False,-1,0,GATCCAACTTGG
8388736,3328,False,-1,0,AGCCGAATTCTA
550829588480,3360,False,-1,0,GGCGAGGAACCA
274882117696,3392,False,-1,0,ATTGAAGAGATA
551907524608,3424,False,-1,0,CGGATTTCCGGA
275955843264,3456,False,-1,0,GTTGGGTTCGAC
827854995584,3488,False,-1,0,GTGCCTCGCTAT
277029601472,3520,False,-1,0,CAAAAACCAGAA
275960053952,3552,False,-1,0,TTTCTGACGATT
552981266496,3584,False,-1,0,ACTCCCCAATTT
824642125824,3616,False,-1,0,CTGCTTGGGTGT
552985428160,3648,False,-1,0,TCGCAACCGCAA
551911686272,3680,False,-1,0,GATCATACTACA
2147483648,3712,False,-1,0,TGCTGTTGGGGT
552981283008,3744,False,-1,0,TCAATAGTGCTA
827867545728,3776,False,-1,0,TTTGATGTGCAT
4194496,3808,False,-1,0,TCGATCGCTATC
550837960896,3840,False,-1,0,CTAGAACTCATG
275951697984,3872,False,-1,0,CGCCTACAAGAG
550833799296,3904,False,-1,0,CAGAGGTTCTAT
275955843264,3936,False,-1,0,TGGAAGACAGCC
278099181760,3968,False,-1,0,GTCTCTGATCTT
3221241984,4000,False,-1,0,AGTACGCATGTC
826789642368,4032,False,-1,0,GGCTACAGAGAC
277033828480,4064,False,-1,0,TTGGACTGTATC
4194304,4096,False,-1,0,TCTGGGCGGCGG
275964231872,4128,False,-1,0,GTGGCAGCTGTC
277025423488,4160,False,-1,0,GCTCTTTCTTTA
1086341120,4192,False,-1,0,GTATGGAGCTTG
550833750016,4224,False,-1,0,ACTCCCGAAGGA
826793787456,4256,False,-1,0,CGGGATGAATAT
550837977216,4288,False,-1,0,ATGGGGAGGATG
278103343296,4320,False,-1,0,TCATCGTCTGGC
3225452736,4352,False,-1,0,TGTGTTCCTCCT
826785398912,4384,False,-1,0,CTTCATACTTTT
12615744,4416,False,-1,0,ATCGCAACCAGC
549755830400,4448,False,-1,0,AATACGGATGCT
3233841216,4480,False,-1,0,ACAACCGATCTG
4194432,4512,False,-1,0,GGACCTATTGAA
277038022656,4544,False,-1,0,TCAAGACATTCC
827863367680,4576,False,-1,0,TTGTTCGCAGCT
824646336704,4608,False,-1,0,GGGGCTGGCTTC
274886344768,4640,False,-1,0,CACTCTCATGCA
549764251840,4672,False,-1,0,TTAAATGGCGTG
826785431616,4704,False,-1,0,TCTGGTAGTGCC
552977055744,4736,False,-1,0,TGGTGGACCTTG
826781220928,4768,False,-1,0,CCACGGAAGACC
549760024576,4800,False,-1,0,CCGGACAAGACC
549755863104,4832,False,-1,0,GCCGGGAGTCAT
552989655040,4864,False,-1,0,TCATGTTCATTA
278103326848,4896,False,-1,0,TCTTCTGGCTCA
277038006464,4928,False,-1,0,GCCCGTCGGGTT
1073790976,4960,False,-1,0,TGAACGGCATTT
552985428160,4992,False,-1,0,GGTAAACCAACC
275964264640,5024,False,-1,0,CTGTGATTCGAC
551907492032,5056,False,-1,0,ATCCGGGAAAAG
4227136,5088,False,-1,0,GTCGAAGAAACT
552981250112,5120,False,-1,0,CCAACGGACCGT
1082146944,5152,False,-1,0,TAGTCATGGCTG
2160066752,5184,False,-1,0,AACTCAGGCATG
550842171520,5216,False,-1,0,GTACTGCACCAG
826793836736,5248,False,-1,0,GTCACGCAACGT
3229647040,5280,False,-1,0,CATGGCGCCAAG
550842171456,5312,False,-1,0,CATCATGGATGA
275951698048,5344,False,-1,0,TGTCCATTGCTG
550829555712,5376,False,-1,0,CTCCACAGCCAA
2147516544,5408,False,-1,0,TAGTGCAACACC
0,5440,False,-1,0,CAGGCTCGAATT
2155888704,5472,False,-1,0,ATTAGCTTCCCA
824637948032,5504,False,-1,0,GATAGGAAACGT
825711673408,5536,False,-1,0,AGAAGACCATTT
275964231744,5568,False,-1,0,CAAGCTAACACC
550833766592,5600,False,-1,0,ATCCGTCCCATT
2155888704,5632,False,-1,0,CTAACTATGCAC
825711706112,5664,False,-1,0,GCCCTGGTAATC
551903330304,5696,False,-1,0,GGGAGCGAATTT
277029634176,5728,False,-1,0,ACACTCGAAGAG
549764235328,5760,False,-1,0,TCTGCCACGCGT
12615680,5792,False,-1,0,CATAACCACATC
551907524736,5824,False,-1,0,GGAGGACGGGAA
551903330304,5856,False,-1,0,GTGTATCCTATT
552985477248,5888,False,-1,0,TCCAGTGTCTTG
2155921600,5920,False,-1,0,AAATGATACTGG
550833766464,5952,False,-1,0,ATGCTAGAGGAA
277033811968,5984,False,-1,0,GGGGAGATTCAC
3229647040,6016,False,-1,0,TGCGATTTTCAA
825715900480,6048,False,-1,0,ATTCCCATTTGG
1077952704,6080,False,-1,0,AGCTGGGGACCG
274877956224,6112,False,-1,0,AGGGCGAAGGAA
274890506240,6144,False,-1,0,CGATTTGGCAAA
277033828544,6176,False,-1,0,CGTTGATGACCG
825715900480,6208,False,-1,0,AGACGCGCAAGG
550833799168,6240,False,-1,0,AACTGCCGCGGG
827859157184,6272,False,-1,0,TTTCACATTGAT
278111715456,6304,False,-1,0,GGAGAACGACAT
549764235392,6336,False,-1,0,GACGTCATGAAT
275955875840,6368,False,-1,0,CACAACTGAGCG
550829604928,6400,False,-1,0,CTTTTGTCTTGG
551903346880,6432,False,-1,0,TGTTTCATCGCT
825715884032,6464,False,-1,0,ATTCTCCTTGTT
278107537600,6496,False,-1,0,ATGAGCAAATGC
550833750208,6528,False,-1,0,GGTGGTGTCTTG
1086357696,6560,False,-1,0,TTATTATATGGG
827867578496,6592,False,-1,0,TCGTCATATCAC
1086324864,6624,False,-1,0,CCAGTATTGTAC
278111748224,6656,False,-1,0,TTACATGGACAG
551915913344,6688,False,-1,0,TCTTGGGATCAT
278103326912,6720,False,-1,0,GCTTGGGAGATG
550842138752,6752,False,-1,0,TGGCGACCTCAT
1073758336,6784,False,-1,0,AGGAGCCCGAGG
824633737344,6816,False,-1,0,TTTTTTCCAAGT
551907524736,6848,False,-1,0,GGGAGCTACAAT
277037989888,6880,False,-1,0,TCTTCTTCATAA
274882101312,6912,False,-1,0,TTGTACTGGTTC
550833782912,6944,False,-1,0,AATGTACGCCAT
550842138624,6976,False,-1,0,GCTCGATTGGTG
552981266624,7008,False,-1,0,CCATTCAGGGCA
824646303872,7040,False,-1,0,CATTGTCGCGAT
824642158656,7072,False,-1,0,TGGTGGGGCTTC
824637964288,7104,False,-1,0,GCCATCATGTAC
274882134144,7136,False,-1,0,CACCCCAAAGAT
3225436160,7168,False,-1,0,GCGACCAGAGAC
278099132544,7200,False,-1,0,ACTAGTAGAGTG
278111731712,7232,False,-1,0,CATCATGTATGC
825711673536,7264,False,-1,0,TGTTTTGGGCTT
550837977216,7296,False,-1,0,GATTTTCTCCGA
1073758400,7328,False,-1,0,TAGCATGTGGCA
826793820224,7360,False,-1,0,AGATCCATGATG
552977039360,7392,False,-1,0,GTGTCTGCCATA
549755863168,7424,False,-1,0,CCTTTTTTATAG
274882150464,7456,False,-1,0,GAGCCTTGGGCG
549755814080,7488,False,-1,0,TTTCGAGCTCTG
12632064,7520,False,-1,0,TCTGGGAATGAA
64,7552,False,-1,0,CTCTTGATGGAG
8405120,7584,False,-1,0,TCACGCGGGGTA
826793787392,7616,False,-1,0,TTATGTCTCTCG
1086357632,7648,False,-1,0,AAATCATCTCAA
552977072256,7680,False,-1,0,GGTCGAGTGGTG
551915913344,7712,False,-1,0,TGGCTGGAGCCA
275964248064,7744,False,-1,0,CGGTGTCCTCCG
549768413376,7776,False,-1,0,GGGGCGGAAAAA
825711689728,7808,False,-1,0,CACGAAGGGATA
827859156992,7840,False,-1,0,CTGGAGTGGATG
3233808512,7872,False,-1,0,CGGTGTGACACC
274877906944,7904,False,-1,0,GAGTGATCCCAG
826793836544,7936,False,-1,0,GAACTCTCAAAG
1073758400,7968,False,-1,0,TGGCTCTTGGTG
1073791104,8000,False,-1,0,GTGCAAGATTCT
826785398976,8032,False,-1,0,TCCTTCGGAAAA
827859189760,8064,False,-1,0,TACAATGGCAGG
551915896832,8096,False,-1,0,TCGAAATAGCTC
275960070208,8128,False,-1,0,CCGGGGCTAGGT
550829588608,8160,False,-1,0,TACATGACGCTG
12599360,8192,False,-1,0,CTCCCGACACTT
274877939904,8224,False,-1,0,GTCCTGTGTTGC
550833750080,8256,False,-1,0,CCGGCTGCTAGT
277025406976,8288,False,-1,0,CGACATGACGGA
549768396992,8320,False,-1,0,ACGAGAACCGTG
2151727296,8352,False,-1,0,CAACACCCCTAC
277038006400,8384,False,-1,0,ATCGTTTGTCAC
1082163328,8416,False,-1,0,GGCAAGCGGTGA
550833750208,8448,False,-1,0,ATGTGGCCATGG
551915880640,8480,False,-1,0,GGGGTTTTCCAT
826789593216,8512,False,-1,0,CACAGCAGAAGG
274877923520,8544,False,-1,0,ACTGTCATCCCT
549760041152,8576,False,-1,0,GCGGGTCAACAG
3221274624,8608,False,-1,0,TCCGGTTCTTCA
64,8640,False,-1,0,CGTATTTTATCA
826793787584,8672,False,-1,0,CGTTCGAAATGA
277033828352,8704,False,-1,0,GCAGGGATGTGC
277029617856,8736,False,-1,0,GCCATACAGGAC
550829588608,8768,False,-1,0,CGGAAAGGAACG
550829572224,8800,False,-1,0,AGTGTGAAATGT
1077969024,8832,False,-1,0,AAGAAGGAGAAA
12615680,8864,False,-1,0,GGCCAAGGGCTC
550837993600,8896,False,-1,0,GGCTTGGGAGCC
1086374080,8928,False,-1,0,CTAGGCTTTCTT
277033828480,8960,False,-1,0,TAGGGAGCACTT
1086324864,8992,False,-1,0,TTGGTGTCAATT
2147500224,9024,False,-1,0,GACATTGCCAGC
827854946304,9056,False,-1,0,GGACGACATTGC
826789593280,9088,False,-1,0,GCGCGGAGGATC
4210688,9120,False,-1,0,CTAACAGCCCTC
549768396928,9152,False,-1,0,AGCGTTGATGGC
825720061952,9184,False,-1,0,ATCAGAACATTG
551907524800,9216,False,-1,0,CACTCAAAATAC
826781253824,9248,False,-1,0,CGTCGTTGGCCG
278103326784,9280,False,-1,0,GGCAAGTAGTCA
549764202688,9312,False,-1,0,ACAAATGGTAAG
1073774720,9344,False,-1,0,AGAAAGTGAAGG
277033779264,9376,False,-1,0,CGGTGTTGGATG
549764202560,9408,False,-1,0,GAAGAAGCTCTC
827859157056,9440,False,-1,0,AGACGATGTTGT
275964280960,9472,False,-1,0,ATTTTTCATCTG
274882117632,9504,False,-1,0,ACGGGAAAAACT
551911702656,9536,False,-1,0,AGCTCCCTCCAG
552981233856,9568,False,-1,0,AGGTGGAGTTTT
551903314112,9600,False,-1,0,ATGTGCCTGAAA
824633753728,9632,False,-1,0,ACCTTGCAGACA
2155921472,9664,False,-1,0,GTAGCCGATTGC
551911686208,9696,False,-1,0,ATCTCGGAGAGT
552977088576,9728,False,-1,0,TGCCCAGATGTG
549768446016,9760,False,-1,0,GGCGTGATTTAC
275964280896,9792,False,-1,0,TCGTCGGCTGTG
552989638720,9824,False,-1,0,AGGACGTACCTC
278107570368,9856,False,-1,0,ACGAATGGATGA
551911686144,9888,False,-1,0,GTTTGGAATGAC
277029634240,9920,False,-1,0,GTGGATTCTAAA
275955843072,9952,False,-1,0,GGGATGACATCC
551911719104,9984,False,-1,0,GACATAACCTGC
551911719040,10016,False,-1,0,GGAGCGCGCAAC
550829604928,10048,False,-1,0,ATAGTGTCATCA
552981282816,10080,False,-1,0,GCAGAAACTGGG
824642158592,10112,False,-1,0,CGAGCTCTCAGT
826781221056,10144,False,-1,0,GAAATGATGTCA
274890522624,10176,False,-1,0,GCCGTGAGGAAC
3229614144,10208,False,-1,0,GAGCAGGGCATG
1082130560,10240,False,-1,0,CCCGCTCCCCCG
549768429696,10272,False,-1,0,TGTTCCCTTATG
551907508288,10304,False,-1,0,CATTAGTGTCGG
550837977280,10336,False,-1,0,TCAGTCCCCTGT
3225469120,10368,False,-1,0,AACCCCCGTAGG
549764219072,10400,False,-1,0,ACAAAAACCTCT
275955892416,10432,False,-1,0,AGATGGTGGTGG
274890539008,10464,False,-1,0,CTAGCTGATGGT
1073741888,10496,False,-1,0,AATGGGTAAGAG
278099165312,10528,False,-1,0,ATGGCACCAGTG
552977072256,10560,False,-1,0,AAGCGATCCAGA
1082146880,10592,False,-1,0,CAACAGGGAGAA
549755846656,10624,False,-1,0,CTCCGTTAATGT
824646336704,10656,False,-1,0,CTCATCTTAACC
