552981250240,34,False,-1,0,TGGCGGACGTGT
827859140608,66,False,-1,0,TTGGATCCCTTG
551911702528,98,False,-1,0,ATAAACAACCCA
1086324800,130,False,-1,0,GTTGAGGCTGAC
277038006400,162,False,-1,0,TCAGAAAGCATT
278107521216,194,False,-1,0,CACAGCAGGTCA
824642109440,226,False,-1,0,GCCAGAGCTTTT
550833766400,258,False,-1,0,AATTGAACAAGA
552981250176,290,False,-1,0,TCCTGGACGTGG
277029634240,322,False,-1,0,TTGATGTCTGAC
826781204480,354,False,-1,0,TCCCATGAAGAG
277029601280,386,False,-1,0,TAGCGAACTACG
274877939776,418,False,-1,0,GCAGGGGAAGTG
275951665280,450,False,-1,0,TAAGATCACGGA
3221274816,482,False,-1,0,CCCCCGATCTGG
2151678016,514,False,-1,0,CACACCGATGAG
277037973504,572,False,-1,0,GGCACGCACCGA
1073791168,604,False,-1,0,ATGAAAGGGGTC
278111731840,636,False,-1,0,ATTCGACACCAC
12599424,668,False,-1,0,TTGCTGGCGCAT
278107553920,700,False,-1,0,TGGGCGGACGAG
824642158720,732,False,-1,0,CATCGGCCTATG
1073791104,764,False,-1,0,GACATCGAGGAA
824633753792,839,False,-1,0,CAACGCTATATA
275955892224,871,False,-1,0,AAGAGTTGGCAT
827859157184,903,False,-1,0,GAAAGGCAAGAA
275960037568,935,False,-1,0,ATACAATAGTTT
2155872256,967,False,-1,0,AAAAAGATCACA
2160099392,999,False,-1,0,GAAGACGGTTGG
826781253760,1031,False,-1,0,CAGAAGGTTTCC
551903346752,1063,False,-1,0,ACTGTGCGCGGG
551907541120,1095,False,-1,0,ATGCACTTATGT
826781204544,1127,False,-1,0,AGATGACAGGAA
274877939840,1159,False,-1,0,CCCGAAGATGCG
2147500032,1191,False,-1,0,GAACCAACGTAT
64,1223,False,-1,0,AAAGGAATACCA
549768396800,1255,False,-1,0,TTGCCGGTAGTG
2147516544,1287,False,-1,0,GGCACGAGAAGC
550837977152,1319,False,-1,0,AGAAACCTCTGG
277025390592,1351,False,-1,0,ACGTGTTGTTGC
278099165312,1383,False,-1,0,CAAGACACACAC
826785415360,1415,False,-1,0,CCCAAACTATAG
1077985344,1447,False,-1,0,GACTCGTTTGTG
8388608,1479,False,-1,0,CAGCCTATCCAT
549760024576,1511,False,-1,0,AACTGCTGTTAG
549755846720,1543,False,-1,0,CTCCCGTACTCT
551903330304,1575,False,-1,0,AGAAGCAGAGAA
277033828352,1607,False,-1,0,AAGCAGAATTGA
2160099520,1639,False,-1,0,TTGGTGGGAAGC
551915913280,1671,False,-1,0,TCAGGTAGATGT
826781220992,1703,False,-1,0,CCGGAGCAGGGG
1073758208,1735,False,-1,0,GCGCTCAAAGTG
550842171456,1767,False,-1,0,GCTGATCGGCGC
3221274624,1799,False,-1,0,AAACAGTACTGA
549755814080,1831,False,-1,0,ATACATCCACTC
3229614144,1863,False,-1,0,GACGCACTCAGG
8437824,1895,False,-1,0,TTGACCGCTACG
1077969088,1927,False,-1,0,ACGGGCGCAGCG
551907524800,1959,False,-1,0,GGCACTCAGTGA
825711657088,1991,False,-1,0,ACGAACGTGAGT
826785415168,2023,False,-1,0,CATATAGCACTC
277025390720,2055,False,-1,0,TGATGAGGAGAA
274886344768,2087,False,-1,0,AGAGAGCCGAAG
827863367680,2119,False,-1,0,GACAAGAGGACG
2155888640,2151,False,-1,0,ATCAGGCCTCGT
2155872256,2183,False,-1,0,ACCCACCCTTCC
275960086528,2215,False,-1,0,CTGAAGATACGG
278107521152,2247,False,-1,0,CACGGTCATTGG
274877939840,2279,False,-1,0,CCGGTAAGTCAG
278103359488,2311,False,-1,0,ACTACGAGGGAC
549768446080,2343,False,-1,0,GGAGAACTGCCA
551911702592,2375,False,-1,0,AAAAGCAGAGAG
3229646976,2407,False,-1,0,ACTGTTGACTCT
550829588608,2439,False,-1,0,AAGAGGAGTAGA
49280,2471,False,-1,0,CATTTGCCTGTC
549755846656,2503,False,-1,0,CTTATTGCCATG
1073774720,2535,False,-1,0,GATCCTATGCGG
824633770048,2567,False,-1,0,TCTTTAACCTGA
825707479040,2599,False,-1,0,AACCACGATATC
3225436160,2631,False,-1,0,AAGCATATCCAG
275955843200,2663,False,-1,0,CGGCTATCGTCT
64,2695,False,-1,0,AAGATGAGAACC
274886311936,2727,False,-1,0,CATCCAGATAGA
1086341184,2759,False,-1,0,CAGCCAAAGGAG
2147483840,2795,False,-1,0,GTTGGGTAAAGC
1073774656,2827,False,-1,0,GGACACGAAGTC
2160083072,2859,False,-1,0,AGGACTGACTAG
4243648,2891,False,-1,0,GGCAGAAAGTGA
278103376064,2923,False,-1,0,CCTTCATCAGAA
275964264448,2955,False,-1,0,TAGAACTGAAAA
277025439744,2987,False,-1,0,TGTCGGGAGACC
549760041024,3019,False,-1,0,AATATCCCCAAG
2147500032,3051,False,-1,0,GGAGGAGTGGCA
551915896832,3083,False,-1,0,TGAACGCCCTTC
4227200,3115,False,-1,0,GACCCGTTCCAG
275964231680,3147,False,-1,0,GGCAAAGTGCCT
826789593216,3179,False,-1,0,CTGGGATACGCA
826781204544,3211,False,-1,0,ACAGTGTTGGCT
550829588672,3243,False,-1,0,CTCACCCGAAGT
552989622336,3275,False,-1,0,CCAAGTATTACG
275955892224,3307,False,-1,0,TTGTTCTCTGCC
277025390720,3339,False,-1,0,TGAAAACAACCA
550833750080,3371,False,-1,0,GCCGGATGTATG
277029634240,3403,False,-1,0,CGTAAGTTTGAG
277037973504,3435,False,-1,0,AGGTAAGATGGA
4243648,3467,False,-1,0,TTCCAGAGAGAA
827854946432,3499,False,-1,0,GAATGTAATATA
274886312000,3531,False,-1,0,TCCGCACGCCCT
549768446080,3563,False,-1,0,GCCGGGGCGAGA
824633737408,3595,False,-1,0,AAGCTTCCCGGA
552981282816,3627,False,-1,0,CGAGTACAATCT
274882150400,3659,False,-1,0,TATTTTGGATTG
824646320256,3691,False,-1,0,GCAGATCGTATT
1073758336,3723,False,-1,0,ACCCCTGAATGC
3233841280,3755,False,-1,0,TTGTGAACATAC
827859189952,3787,False,-1,0,CACTACCAACAG
551903313984,3819,False,-1,0,GTTACAGATGTT
278103359488,3859,False,-1,0,CCTGGCGGCTCA
32896,3891,False,-1,0,GTACGCCGACAG
551915897024,3923,False,-1,0,CTGCATTAGCTA
551903297536,3955,False,-1,0,GTCCTGAGACCA
552981282944,3987,False,-1,0,TGAAGTCTTTCT
277029585024,4019,False,-1,0,ACGGCAGAAGGG
1082163328,4051,False,-1,0,AATCAGAGGCTT
2155872448,4083,False,-1,0,CGGGCTACACAC
550829572224,4115,False,-1,0,ACCGTGTGCGCA
552989655040,4147,False,-1,0,GCCGAAGAGGCG
277033828352,4179,False,-1,0,GAAGGGCACAGT
2155888704,4211,False,-1,0,CGGTGGCGAGAA
278111748096,4243,False,-1,0,GGCGCCGCGACT
274877923392,4275,False,-1,0,GGTACAGGCCAA
1073791040,4307,False,-1,0,CGGTAGGCCCGA
8421440,4339,False,-1,0,GCAGAGGGCGAC
549768445952,4371,False,-1,0,CCGTGCCGTGGC
825711706240,4403,False,-1,0,ACATTAAGAGTG
826793820288,4435,False,-1,0,ACTGGGGTGTTC
1086374016,4467,False,-1,0,CATGCAGTCACT
3229663296,4499,False,-1,0,TGGACACCACGG
551911686336,4531,False,-1,0,TGCCGCGACAAA
825711673472,4563,False,-1,0,GGAGGCTATCGA
1077936320,4595,False,-1,0,TGGTATCTGAAG
275964281024,4627,False,-1,0,TTGATACGGGTG
824646303872,4659,False,-1,0,AGGCAGAAAAGG
2155888704,4691,False,-1,0,AGCTGCATTCGT
549764235456,4723,False,-1,0,CATCAGACTGCG
550829572096,4755,False,-1,0,TACCTTGTGGCC
827867562112,4787,False,-1,0,AACAAATATGCT
1073758400,4819,False,-1,0,ATGGACAGTATC
549760040960,4851,False,-1,0,GGACGCCGATTC
551911735488,4883,False,-1,0,TTCCGTGTCTGT
3229614080,4915,False,-1,0,GAGAGAGTGGCG
827859140672,4947,False,-1,0,TAAGGCCATAAT
552985477248,4979,False,-1,0,TACCGAAGTACA
278107570176,5011,False,-1,0,GTCAAGTGCGAC
826789593088,5043,False,-1,0,GACGGTGCCATC
275951648768,5075,False,-1,0,ACATACCAGCCG
550829604928,5107,False,-1,0,ACCGTGAGCTTG
1077968896,5139,False,-1,0,ATCCGCGTGGTC
8388736,5171,False,-1,0,ATGAGACCATGG
278107537536,5203,False,-1,0,CACTCGGAACCA
549768413248,5235,False,-1,0,GCGTCGTGCGCA
827854946368,5267,False,-1,0,AGCTGTTGGAAG
549760040960,5299,False,-1,0,ATTGCGGCAAGG
2155905024,5331,False,-1,0,TACCGCTGTTGT
3221241856,5363,False,-1,0,CTTGCACGAGTG
551907508416,5395,False,-1,0,ACACCACGGGCA
825711689920,5427,False,-1,0,GGCACCACGCAT
275955876032,5459,False,-1,0,GGGTCTCTCCTA
826789593216,5491,False,-1,0,AGAGCCTCGGTA
278103376000,5523,False,-1,0,TGGGGTAGAGTT
277033779264,5555,False,-1,0,TGGAGGTACTCA
549755863040,5587,False,-1,0,ATGCGCGAGCCG
825720045760,5619,False,-1,0,TGAGGACGTTGA
1086357568,5651,False,-1,0,AAACACCCGACA
826781204544,5683,False,-1,0,GATTTCGACCAA
278099148864,5715,False,-1,0,GGCGTACATCTT
2155905024,5747,False,-1,0,GGCACTTACAAC
552977072128,5779,False,-1,0,GCACTACCGTGC
550833750144,5811,False,-1,0,GGAAGAACGGAC
2151694336,5843,False,-1,0,AGGCTAGGGAGA
128,5875,False,-1,0,CAGATGGCACCT
551903313920,5907,False,-1,0,GTACCAATCAAG
2147483648,5939,False,-1,0,CAGTGATCATAG
549764235264,5971,False,-1,0,AGAACCTACCTG
824633753664,6003,False,-1,0,TCCAACCTATGC
274886328448,6035,False,-1,0,TTTACTCGCCGT
552985477120,6067,False,-1,0,AGTCCCGAGGTC
278103326848,6099,False,-1,0,TTTCCTGGAAGC
275964231744,6131,False,-1,0,GTTACCAGATCA
551903297664,6163,False,-1,0,TTGGATATGGTT
278103326912,6195,False,-1,0,AGACCGGGCGAC
3229614144,6227,False,-1,0,GCTGCTACCCAA
1077985344,6259,False,-1,0,CCGCAGGTTAGG
549768396928,6291,False,-1,0,TCAAAACACCCT
1082146944,6323,False,-1,0,CCACGAAGAGAA
3225452736,6355,False,-1,0,AGAGAACTACCT
274877956288,6387,False,-1,0,TAACGTGGAATG
551915880640,6419,False,-1,0,ATGGAGAATACT
1082130496,6451,False,-1,0,CCAATAAGAATA
549764251776,6483,False,-1,0,TTATGTCACTAG
277029584896,6515,False,-1,0,CAGCGCTGTTTG
550837960896,6547,False,-1,0,CCGCTGCAAGAG
551915880448,6579,False,-1,0,GGTAGATATGAA
3229646848,6611,False,-1,0,CTGGCACTAAAC
275955859648,6643,False,-1,0,GTGCAAGTCATC
2160083072,6675,False,-1,0,TACAGCTTATTT
826789642304,6707,False,-1,0,TAGTCCGCCGCC
827867578432,6739,False,-1,0,AACATACATACA
274882101440,6771,False,-1,0,AGATTTTGACGC
278107537472,6803,False,-1,0,AACCAGGTGACG
2147516480,6835,False,-1,0,GCCTCCTTTGAC
12615808,6867,False,-1,0,GGCGTTGACGGC
4194432,6899,False,-1,0,TCGGGGTTGACC
549768396992,6931,False,-1,0,GAGGAAGCGTTT
825720078464,6963,False,-1,0,CCTGCCAACAGG
274890539008,6995,False,-1,0,CCATGATGAAGT
278103359680,7027,False,-1,0,TTTATAAATACC
551903330304,7059,False,-1,0,ATGCCGTGTACT
275960037440,7091,False,-1,0,CCATCTGCGCCG
551915897024,7123,False,-1,0,ATAGTGCACGGG
274886344704,7155,False,-1,0,GGCTGAGAGGTG
825707511872,7187,False,-1,0,AGGTAAAGATAA
826785448128,7219,False,-1,0,AAACCACCATAC
277029617728,7251,False,-1,0,GTATGACAATGT
824646352896,7283,False,-1,0,TGGCCGACCCTC
275951648768,7315,False,-1,0,GGCAAACCTTTA
551915913344,7347,False,-1,0,TGAAGATCGTAG
274886344832,7379,False,-1,0,CGGATAGGTGGG
552989638656,7411,False,-1,0,GAACTGGAAATA
274890522752,7443,False,-1,0,GGTGAACGGGAC
277037973568,7475,False,-1,0,TGGCCACATTGG
550842155200,7507,False,-1,0,AAAAAACTGCGT
192,7539,False,-1,0,CGGCGGTCCTAA
274890506240,7571,False,-1,0,TCATCTACAGCT
3233841216,7603,False,-1,0,ACATACCAACCC
275955859584,7635,False,-1,0,TGGCGGCCTCGC
549760057472,7667,False,-1,0,GGTGCCGATGCA
8437888,7699,False,-1,0,CACCCATGCTGC
278103359680,7731,False,-1,0,CAACAGATGCAA
275951648896,7763,False,-1,0,TGCACTAACCAC
549755814016,7795,False,-1,0,CAAAAGGGCAAC
0,7827,False,-1,0,CCAAAGGAAAAG
274877907008,7869,False,-1,0,AAGAAGAAGCAG
550837944448,7901,False,-1,0,GGCTAAGAAGAA
1073741888,7933,False,-1,0,GAATGTGCATGA
274882134080,7965,False,-1,0,TTCGAGGTCAAA
2147516416,7997,False,-1,0,CTATGCGTGCCT
824633770176,8029,False,-1,0,AGCCGGCTCACG
3233808384,8061,False,-1,0,CCAGACCTTGCG
277033795584,8093,False,-1,0,CAGTAAGTATGA
1082146944,8125,False,-1,0,CAGTGCACATGA
274890539008,8157,False,-1,0,ACACATGAAAAG
1073774720,8217,False,-1,0,GGAAGGTTTACC
274882150528,8249,False,-1,0,ACCAGGAGATAG
826789593088,8295,False,-1,0,GTGGCCATCGTG
552989655232,8327,False,-1,0,TGCCCGCACTGC
827863351296,8359,False,-1,0,CAAAAGACATGG
825711673536,8391,False,-1,0,GGAACCGAAGAG
274882117824,8423,False,-1,0,GTGTATCCTTGC
550842171456,8455,False,-1,0,CGTCACCTCCCT
275960037568,8487,False,-1,0,AAACAGCCAGAA
825715867776,8519,False,-1,0,AGACAACGTGAA
277038006336,8551,False,-1,0,TACTGGAAGCGT
277025423360,8583,False,-1,0,TCACGCCACCGC
549764235456,8615,False,-1,0,CAATGTGTATAA
551911686208,8650,False,-1,0,ACTGCGCTGACT
552985428096,8682,False,-1,0,TATAGCCCGGTT
824646336576,8714,False,-1,0,TGAGGCGTCTGA
827863334912,8746,False,-1,0,TCTCCGCCCAAA
8437952,8778,False,-1,0,ACCCACGCCCAC
826785431680,8810,False,-1,0,TGGTCATGATGT
2155888704,8842,False,-1,0,CCTTGAGGGTGT
2151678144,8874,False,-1,0,ATACATGGGACG
274882117632,8936,False,-1,0,TTCGTTCGAGGA
1077936128,8968,False,-1,0,CATGTAAGGTCC
549768429696,9000,False,-1,0,CCGGTGGGTAGA
1077952704,9032,False,-1,0,ACACTTTGGCGT
278099132544,9064,False,-1,0,ACCAGCTGACAA
1073741888,9096,False,-1,0,ATTGACATGCAT
1077968896,9128,False,-1,0,TCGCACCCTGCT
275951665216,9160,False,-1,0,TCAAAATAACAG
826793787584,9192,False,-1,0,TACAATTGTACC
824637931520,9224,False,-1,0,CACTACCAGTAC
1082147008,9256,False,-1,0,GCAAGATAGACC
278103359680,9304,False,-1,0,AATTTACCTCTC
2147500224,9336,False,-1,0,CAGACAGCCAGG
826785415296,9368,False,-1,0,ATTCCCTTTGAC
277033795776,9400,False,-1,0,CGTTGGCACGAG
3221241920,9432,False,-1,0,AAGAAGGAGGTG
552985444416,9476,False,-1,0,CTTCTCCTATAG
2155872320,9508,False,-1,0,ACCCGTACGAGG
278107553920,9540,False,-1,0,GAGCGCATCATC
549755846784,9572,False,-1,0,TGAGTACCAGTG
2147483840,9604,False,-1,0,GCCTGTGGGCGC
274877906944,9636,False,-1,0,CCCCATGGCTGG
1077952512,9668,False,-1,0,CTATTATGGACT
551907541056,9700,False,-1,0,CCGCAGTATCCG
550833750208,9732,False,-1,0,CTAACTCTAGCG
3233808576,9764,False,-1,0,CACCGCGAGGAG
551911702656,9796,False,-1,0,CTTTGACGCCAG
549755863232,9843,False,-1,0,TGCGCACCGAGG
275960053760,9875,False,-1,0,TGAGACTATGGC
275955843072,9945,False,-1,0,GCGCTTGCTTTG
824637964480,9977,False,-1,0,CCTGATCTGCTG
551911702528,10009,False,-1,0,TAGTGTTACTGA
1073758208,10041,False,-1,0,GCTTATGAGCAC
549760024704,10073,False,-1,0,GGTGGGGTTCCC
3229647040,10113,False,-1,0,TTCTCGCCCATG
274877956224,10150,False,-1,0,CAAGCTTGGAAC
824642142272,10182,False,-1,0,ATTACCTGCGAA
3229614208,10214,False,-1,0,GCCATTTATCAA
2155872256,10246,False,-1,0,GCTCATCTAAAG
552981283008,10278,False,-1,0,AAGGTGTACACG
278107537536,10310,False,-1,0,GGGTGGAGCTTA
551915929664,10342,False,-1,0,ACACGCAGCTTA
12615872,10374,False,-1,0,TCAGACGTTTGC
277029585024,10406,False,-1,0,CTACAAGGCACA
550829604928,10438,False,-1,0,CAATCAGGATCA
827867561984,10470,False,-1,0,ACCACCGAGGCC
274877923520,10502,False,-1,0,GGTCAACGTGGG
278111731776,10534,False,-1,0,GACCGATCTCAA
549755846848,10566,False,-1,0,AATAAAATTGTC
275951648896,10598,False,-1,0,CAACCAGGACTT
4194496,10638,False,-1,0,AGATTCGGAGAC
551903330368,10670,False,-1,0,GAGCAAAGACTT
274886344832,10702,False,-1,0,AACTCTCAAGAC
275951681728,10734,False,-1,0,GTGCCATACACG
549764251840,10766,False,-1,0,GTATTGGCTGAA
278111715328,10798,False,-1,0,ATACAAAGGCCC
1082179648,10830,False,-1,0,ACCAATCCAGTC
827867545664,10862,False,-1,0,TGGCAGTATACC
274886295616,10894,False,-1,0,ACAGTGCATTCA
277029617728,10926,False,-1,0,GCTGTAACAGAC
824642142208,10986,False,-1,0,GTTGCCACATTG
275955892224,11018,False,-1,0,CGGCAAGTGCGC
2147532992,11050,False,-1,0,TCGCAACGTTGC
3221242048,11082,False,-1,0,AAGGAGGATGGC
552977072256,11120,False,-1,0,GTCCGCCTCCCC
277025407104,11152,False,-1,0,GTGACGCAAAAA
549760024576,11184,False,-1,0,GAGCCTCCGAAA
275964280960,11216,False,-1,0,GGCGAGCCATAA
277038022784,11248,False,-1,0,TGTCAGGAACTG
826789626048,11280,False,-1,0,ATGGCCAGTGGG
551915880640,11312,False,-1,0,CGCGGTGGTTGT
549768429696,11344,False,-1,0,TAACAATGCGTC
827854946304,11376,False,-1,0,TATTACCCCTGT
275951648832,11408,False,-1,0,GACAAATAGACG
3225452736,11440,False,-1,0,CTATAGCATACT
826781237248,11472,False,-1,0,AGTAGTAAGGAA
550829555712,11504,False,-1,0,AACCCCTGAATA
824633753792,11536,False,-1,0,TAATAAAAATTT
827859156992,11568,False,-1,0,ATCATTAAATTA
552977055872,11600,False,-1,0,TAAGGAGATGTA
3229630656,11632,False,-1,0,ATGTAGGACTAA
